contrast	module	orthogroup_id	gene_label	display_gene_label	x	index_in_module	strain	point_class	status_raw	member_gene_count_in_strain	direction	plot_direction	logFC	pvalue	FDR	neg_log10_p	n_DEG_events	n_DEG_strains	DEG_strains	directions	strict_function_evidence	representative_product	ko_terms	pathway_ids	member_gene_symbols
D55_vs_B55	membrane maintenance	OG0000242	bepA	bepA	1	1	Halomonas	DEG	DEG	2	Up	Up	1.21665862804268	4.91366849749734e-08	3.24224740228565e-07	7.30859414670901	3	3	Aequorivita;Halomonas;Sphingopyxis	Up	strict membrane maintenance: Tol-Pal/envelope integrity, lipid synthesis/modification, or OM protein/lipoprotein assembly	M48 family metalloprotease	K23010;K01423	map05017	bepA
D55_vs_B55	membrane maintenance	OG0000242	bepA	bepA	1	1	Psychrobacter	Present_not_DEG	Homolog_present_not_DEG	2							3	3	Aequorivita;Halomonas;Sphingopyxis	Up	strict membrane maintenance: Tol-Pal/envelope integrity, lipid synthesis/modification, or OM protein/lipoprotein assembly	M48 family metalloprotease	K23010;K01423	map05017	bepA
D55_vs_B55	membrane maintenance	OG0000242	bepA	bepA	1	1	Sphingopyxis	DEG	DEG	1	Up	Up	1.96904421397382	9.43416032045488e-16	2.2821772146464e-13	15.0252967477959	3	3	Aequorivita;Halomonas;Sphingopyxis	Up	strict membrane maintenance: Tol-Pal/envelope integrity, lipid synthesis/modification, or OM protein/lipoprotein assembly	M48 family metalloprotease	K23010;K01423	map05017	bepA
D55_vs_B55	membrane maintenance	OG0000242	bepA	bepA	1	1	Aequorivita	DEG	DEG	1	Up	Up	1.38677459969802	4.60952155180079e-09	2.85923125235546e-07	8.33634415014097	3	3	Aequorivita;Halomonas;Sphingopyxis	Up	strict membrane maintenance: Tol-Pal/envelope integrity, lipid synthesis/modification, or OM protein/lipoprotein assembly	M48 family metalloprotease	K23010;K01423	map05017	bepA
D55_vs_B55	membrane maintenance	OG0000481	pal	pal	2	2	Halomonas	Present_not_DEG	Homolog_present_not_DEG	1							2	2	Psychrobacter;Sphingopyxis	Up	strict membrane maintenance: Tol-Pal/envelope integrity, lipid synthesis/modification, or OM protein/lipoprotein assembly	hypothetical protein	K03286;K03640		pal
D55_vs_B55	membrane maintenance	OG0000481	pal	pal	2	2	Psychrobacter	DEG	DEG	1	Up	Up	1.92899157889269	2.6594990118484e-09	5.72354153535825e-08	8.57520016670789	2	2	Psychrobacter;Sphingopyxis	Up	strict membrane maintenance: Tol-Pal/envelope integrity, lipid synthesis/modification, or OM protein/lipoprotein assembly	hypothetical protein	K03286;K03640		pal
D55_vs_B55	membrane maintenance	OG0000481	pal	pal	2	2	Sphingopyxis	DEG	DEG	1	Up	Up	1.56735464012321	3.1160904610026e-13	1.61791866223413e-11	12.5063899431227	2	2	Psychrobacter;Sphingopyxis	Up	strict membrane maintenance: Tol-Pal/envelope integrity, lipid synthesis/modification, or OM protein/lipoprotein assembly	hypothetical protein	K03286;K03640		pal
D55_vs_B55	membrane maintenance	OG0000481	pal	pal	2	2	Aequorivita	Present_not_DEG	Homolog_present_not_DEG	1							2	2	Psychrobacter;Sphingopyxis	Up	strict membrane maintenance: Tol-Pal/envelope integrity, lipid synthesis/modification, or OM protein/lipoprotein assembly	hypothetical protein	K03286;K03640		pal
D55_vs_B55	membrane maintenance	OG0001862	lolA	lolA	3	3	Halomonas	DEG	DEG	1	Up	Up	2.41353849696937	2.53861036280831e-13	4.25471096806672e-11	12.595403951457	2	2	Halomonas;Psychrobacter	Up	strict membrane maintenance: Tol-Pal/envelope integrity, lipid synthesis/modification, or OM protein/lipoprotein assembly	outer membrane lipoprotein chaperone LolA	K03634		lolA
D55_vs_B55	membrane maintenance	OG0001862	lolA	lolA	3	3	Psychrobacter	DEG	DEG	1	Up	Up	2.21753344763899	2.75072236565335e-11	2.47241398512842e-09	10.5605532413622	2	2	Halomonas;Psychrobacter	Up	strict membrane maintenance: Tol-Pal/envelope integrity, lipid synthesis/modification, or OM protein/lipoprotein assembly	outer membrane lipoprotein chaperone LolA	K03634		lolA
D55_vs_B55	membrane maintenance	OG0001862	lolA	lolA	3	3	Sphingopyxis	Absent	Absent	0							2	2	Halomonas;Psychrobacter	Up	strict membrane maintenance: Tol-Pal/envelope integrity, lipid synthesis/modification, or OM protein/lipoprotein assembly	outer membrane lipoprotein chaperone LolA	K03634		lolA
D55_vs_B55	membrane maintenance	OG0001862	lolA	lolA	3	3	Aequorivita	Absent	Absent	0							2	2	Halomonas;Psychrobacter	Up	strict membrane maintenance: Tol-Pal/envelope integrity, lipid synthesis/modification, or OM protein/lipoprotein assembly	outer membrane lipoprotein chaperone LolA	K03634		lolA
D55_vs_B55	membrane maintenance	OG0000460	cfa	cfa	4	4	Halomonas	DEG	DEG	1	Up	Up	2.39512396235573	3.72168189203112e-10	8.06530023808119e-09	9.42926075061407	2	2	Halomonas;Psychrobacter	Up	strict membrane maintenance: Tol-Pal/envelope integrity, lipid synthesis/modification, or OM protein/lipoprotein assembly	cyclopropane-fatty-acyl-phospholipid synthase family protein	K00574		cfa
D55_vs_B55	membrane maintenance	OG0000460	cfa	cfa	4	4	Psychrobacter	DEG	DEG	1	Up	Up	1.85822633497096	4.4302407241955e-08	5.16748689051201e-07	7.35357267505246	2	2	Halomonas;Psychrobacter	Up	strict membrane maintenance: Tol-Pal/envelope integrity, lipid synthesis/modification, or OM protein/lipoprotein assembly	cyclopropane-fatty-acyl-phospholipid synthase family protein	K00574		cfa
D55_vs_B55	membrane maintenance	OG0000460	cfa	cfa	4	4	Sphingopyxis	Present_not_DEG	Homolog_present_not_DEG	3							2	2	Halomonas;Psychrobacter	Up	strict membrane maintenance: Tol-Pal/envelope integrity, lipid synthesis/modification, or OM protein/lipoprotein assembly	cyclopropane-fatty-acyl-phospholipid synthase family protein	K00574		cfa
D55_vs_B55	membrane maintenance	OG0000460	cfa	cfa	4	4	Aequorivita	Absent	Absent	0							2	2	Halomonas;Psychrobacter	Up	strict membrane maintenance: Tol-Pal/envelope integrity, lipid synthesis/modification, or OM protein/lipoprotein assembly	cyclopropane-fatty-acyl-phospholipid synthase family protein	K00574		cfa
D55_vs_B55	membrane maintenance	OG0000942	tolR	tolR	5	5	Halomonas	DEG	DEG	1	Up	Up	2.16334870053839	7.54976880889601e-09	7.66873486285437e-08	8.12206634725267	2	2	Halomonas;Sphingopyxis	Up	strict membrane maintenance: Tol-Pal/envelope integrity, lipid synthesis/modification, or OM protein/lipoprotein assembly	MULTISPECIES: protein TolR	K03559;K03560		tolR;exbD
D55_vs_B55	membrane maintenance	OG0000942	tolR	tolR	5	5	Psychrobacter	Present_not_DEG	Homolog_present_not_DEG	2							2	2	Halomonas;Sphingopyxis	Up	strict membrane maintenance: Tol-Pal/envelope integrity, lipid synthesis/modification, or OM protein/lipoprotein assembly	MULTISPECIES: protein TolR	K03559;K03560		tolR;exbD
D55_vs_B55	membrane maintenance	OG0000942	tolR	tolR	5	5	Sphingopyxis	DEG	DEG	1	Up	Up	1.58638333870366	8.01273487460341e-08	7.07719393789296e-07	7.09621922695841	2	2	Halomonas;Sphingopyxis	Up	strict membrane maintenance: Tol-Pal/envelope integrity, lipid synthesis/modification, or OM protein/lipoprotein assembly	MULTISPECIES: protein TolR	K03559;K03560		tolR;exbD
D55_vs_B55	membrane maintenance	OG0000942	tolR	tolR	5	5	Aequorivita	Absent	Absent	0							2	2	Halomonas;Sphingopyxis	Up	strict membrane maintenance: Tol-Pal/envelope integrity, lipid synthesis/modification, or OM protein/lipoprotein assembly	MULTISPECIES: protein TolR	K03559;K03560		tolR;exbD
D55_vs_B55	membrane maintenance	OG0001336	pgpA	pgpA	6	6	Halomonas	DEG	DEG	2	Up	Up	1.11563054026831	9.77342595655311e-06	3.09645782668866e-05	5.00995317290174	2	2	Halomonas;Psychrobacter	Down;Up	strict membrane maintenance: Tol-Pal/envelope integrity, lipid synthesis/modification, or OM protein/lipoprotein assembly	MULTISPECIES: phosphatidylglycerophosphatase A	K01095	map00564;map01100	pgpA
D55_vs_B55	membrane maintenance	OG0001336	pgpA	pgpA	6	6	Psychrobacter	DEG	DEG	1	Down	Down	-1.05753055413958	1.72929633122347e-05	7.63689246852446e-05	4.7621305798967	2	2	Halomonas;Psychrobacter	Down;Up	strict membrane maintenance: Tol-Pal/envelope integrity, lipid synthesis/modification, or OM protein/lipoprotein assembly	MULTISPECIES: phosphatidylglycerophosphatase A	K01095	map00564;map01100	pgpA
D55_vs_B55	membrane maintenance	OG0001336	pgpA	pgpA	6	6	Sphingopyxis	Absent	Absent	0							2	2	Halomonas;Psychrobacter	Down;Up	strict membrane maintenance: Tol-Pal/envelope integrity, lipid synthesis/modification, or OM protein/lipoprotein assembly	MULTISPECIES: phosphatidylglycerophosphatase A	K01095	map00564;map01100	pgpA
D55_vs_B55	membrane maintenance	OG0001336	pgpA	pgpA	6	6	Aequorivita	Absent	Absent	0							2	2	Halomonas;Psychrobacter	Down;Up	strict membrane maintenance: Tol-Pal/envelope integrity, lipid synthesis/modification, or OM protein/lipoprotein assembly	MULTISPECIES: phosphatidylglycerophosphatase A	K01095	map00564;map01100	pgpA
D55_vs_B55	ROS removal	OG0000349	osmC	osmC	8.25	1	Halomonas	DEG	DEG	1	Up	Up	1.60762511397858	6.17760027960578e-06	2.07488137647681e-05	5.20918019606332	3	3	Halomonas;Psychrobacter;Sphingopyxis	Up	strict ROS removal: catalase/SOD/Ahp/peroxiredoxin/OsmC-Ohr/Bcp/BtuE/Tpx direct detoxification enzyme	organic hydroperoxide resistance protein	K04063		osmC
D55_vs_B55	ROS removal	OG0000349	osmC	osmC	8.25	1	Psychrobacter	DEG	DEG	2	Up	Up	2.74800236431589	1.92300958500965e-10	9.18237076842108e-09	9.71601855106759	3	3	Halomonas;Psychrobacter;Sphingopyxis	Up	strict ROS removal: catalase/SOD/Ahp/peroxiredoxin/OsmC-Ohr/Bcp/BtuE/Tpx direct detoxification enzyme	organic hydroperoxide resistance protein	K04063		osmC
D55_vs_B55	ROS removal	OG0000349	osmC	osmC	8.25	1	Sphingopyxis	DEG	DEG	1	Up	Up	1.91880211914438	7.01655600863512e-15	8.81927116777676e-13	14.1538760037477	3	3	Halomonas;Psychrobacter;Sphingopyxis	Up	strict ROS removal: catalase/SOD/Ahp/peroxiredoxin/OsmC-Ohr/Bcp/BtuE/Tpx direct detoxification enzyme	organic hydroperoxide resistance protein	K04063		osmC
D55_vs_B55	ROS removal	OG0000349	osmC	osmC	8.25	1	Aequorivita	Present_not_DEG	Homolog_present_not_DEG	1							3	3	Halomonas;Psychrobacter;Sphingopyxis	Up	strict ROS removal: catalase/SOD/Ahp/peroxiredoxin/OsmC-Ohr/Bcp/BtuE/Tpx direct detoxification enzyme	organic hydroperoxide resistance protein	K04063		osmC
D55_vs_B55	ROS removal	OG0000365	sodC	sodC	9.25	2	Halomonas	DEG	DEG	1	Up	Up	1.86179515807111	1.30920637942068e-06	5.52702743553921e-06	5.88299188715532	3	3	Halomonas;Psychrobacter;Sphingopyxis	Up	strict ROS removal: catalase/SOD/Ahp/peroxiredoxin/OsmC-Ohr/Bcp/BtuE/Tpx direct detoxification enzyme	MULTISPECIES: superoxide dismutase family protein	K04565	map04146;map04213;map05012;map05014;map05016;map05020;map05022;map05208	
D55_vs_B55	ROS removal	OG0000365	sodC	sodC	9.25	2	Psychrobacter	DEG	DEG	1	Up	Up	1.51981343991962	7.95577637378678e-08	8.50099741199035e-07	7.09931743281197	3	3	Halomonas;Psychrobacter;Sphingopyxis	Up	strict ROS removal: catalase/SOD/Ahp/peroxiredoxin/OsmC-Ohr/Bcp/BtuE/Tpx direct detoxification enzyme	MULTISPECIES: superoxide dismutase family protein	K04565	map04146;map04213;map05012;map05014;map05016;map05020;map05022;map05208	
D55_vs_B55	ROS removal	OG0000365	sodC	sodC	9.25	2	Sphingopyxis	DEG	DEG	2	Up	Up	1.46819600354892	4.6429569627511e-13	2.10738657698203e-11	12.3332053419479	3	3	Halomonas;Psychrobacter;Sphingopyxis	Up	strict ROS removal: catalase/SOD/Ahp/peroxiredoxin/OsmC-Ohr/Bcp/BtuE/Tpx direct detoxification enzyme	MULTISPECIES: superoxide dismutase family protein	K04565	map04146;map04213;map05012;map05014;map05016;map05020;map05022;map05208	
D55_vs_B55	ROS removal	OG0000365	sodC	sodC	9.25	2	Aequorivita	Present_not_DEG	Homolog_present_not_DEG	1							3	3	Halomonas;Psychrobacter;Sphingopyxis	Up	strict ROS removal: catalase/SOD/Ahp/peroxiredoxin/OsmC-Ohr/Bcp/BtuE/Tpx direct detoxification enzyme	MULTISPECIES: superoxide dismutase family protein	K04565	map04146;map04213;map05012;map05014;map05016;map05020;map05022;map05208	
D55_vs_B55	ROS removal	OG0000624	ahpC	ahpC	10.25	3	Halomonas	DEG	DEG	1	Up	Up	4.42031754429126	1.86450715762476e-12	1.48805428389481e-10	11.7294359450938	3	3	Halomonas;Psychrobacter;Sphingopyxis	Up	strict ROS removal: catalase/SOD/Ahp/peroxiredoxin/OsmC-Ohr/Bcp/BtuE/Tpx direct detoxification enzyme	alkyl hydroperoxide reductase	K24119		ahpC
D55_vs_B55	ROS removal	OG0000624	ahpC	ahpC	10.25	3	Psychrobacter	DEG	DEG	1	Up	Up	2.15141380643973	1.3612679223123e-06	8.88104579379905e-06	5.86605638932242	3	3	Halomonas;Psychrobacter;Sphingopyxis	Up	strict ROS removal: catalase/SOD/Ahp/peroxiredoxin/OsmC-Ohr/Bcp/BtuE/Tpx direct detoxification enzyme	alkyl hydroperoxide reductase	K24119		ahpC
D55_vs_B55	ROS removal	OG0000624	ahpC	ahpC	10.25	3	Sphingopyxis	DEG	DEG	1	Up	Up	2.48234100055401	2.4728633427885e-10	4.23208741272364e-09	9.60679988327993	3	3	Halomonas;Psychrobacter;Sphingopyxis	Up	strict ROS removal: catalase/SOD/Ahp/peroxiredoxin/OsmC-Ohr/Bcp/BtuE/Tpx direct detoxification enzyme	alkyl hydroperoxide reductase	K24119		ahpC
D55_vs_B55	ROS removal	OG0000624	ahpC	ahpC	10.25	3	Aequorivita	Present_not_DEG	Homolog_present_not_DEG	1							3	3	Halomonas;Psychrobacter;Sphingopyxis	Up	strict ROS removal: catalase/SOD/Ahp/peroxiredoxin/OsmC-Ohr/Bcp/BtuE/Tpx direct detoxification enzyme	alkyl hydroperoxide reductase	K24119		ahpC
D55_vs_B55	ROS removal	OG0001394	ahpF	ahpF	11.25	4	Halomonas	DEG	DEG	1	Up	Up	4.47166725803513	3.30653741759235e-15	2.77087835594239e-12	14.4806265583488	2	2	Halomonas;Sphingopyxis	Up	strict ROS removal: catalase/SOD/Ahp/peroxiredoxin/OsmC-Ohr/Bcp/BtuE/Tpx direct detoxification enzyme	MULTISPECIES: alkyl hydroperoxide reductase subunit F	K03387		ahpF
D55_vs_B55	ROS removal	OG0001394	ahpF	ahpF	11.25	4	Psychrobacter	Present_not_DEG	Homolog_present_not_DEG	1							2	2	Halomonas;Sphingopyxis	Up	strict ROS removal: catalase/SOD/Ahp/peroxiredoxin/OsmC-Ohr/Bcp/BtuE/Tpx direct detoxification enzyme	MULTISPECIES: alkyl hydroperoxide reductase subunit F	K03387		ahpF
D55_vs_B55	ROS removal	OG0001394	ahpF	ahpF	11.25	4	Sphingopyxis	DEG	DEG	1	Up	Up	3.8223448915474	1.75532911424114e-15	2.86820777267003e-13	14.7556414438144	2	2	Halomonas;Sphingopyxis	Up	strict ROS removal: catalase/SOD/Ahp/peroxiredoxin/OsmC-Ohr/Bcp/BtuE/Tpx direct detoxification enzyme	MULTISPECIES: alkyl hydroperoxide reductase subunit F	K03387		ahpF
D55_vs_B55	ROS removal	OG0001394	ahpF	ahpF	11.25	4	Aequorivita	Absent	Absent	0							2	2	Halomonas;Sphingopyxis	Up	strict ROS removal: catalase/SOD/Ahp/peroxiredoxin/OsmC-Ohr/Bcp/BtuE/Tpx direct detoxification enzyme	MULTISPECIES: alkyl hydroperoxide reductase subunit F	K03387		ahpF
D55_vs_B55	ROS removal	OG0000834	katG	katG	12.25	5	Halomonas	DEG	DEG	1	Up	Up	4.14785228727149	8.53150678002907e-14	1.78735067041609e-11	13.0689742597514	2	2	Halomonas;Sphingopyxis	Up	strict ROS removal: catalase/SOD/Ahp/peroxiredoxin/OsmC-Ohr/Bcp/BtuE/Tpx direct detoxification enzyme	catalase	K03782	map00360;map00380;map00940;map00983;map01100;map01110	katG
D55_vs_B55	ROS removal	OG0000834	katG	katG	12.25	5	Psychrobacter	Present_not_DEG	Homolog_present_not_DEG	1							2	2	Halomonas;Sphingopyxis	Up	strict ROS removal: catalase/SOD/Ahp/peroxiredoxin/OsmC-Ohr/Bcp/BtuE/Tpx direct detoxification enzyme	catalase	K03782	map00360;map00380;map00940;map00983;map01100;map01110	katG
D55_vs_B55	ROS removal	OG0000834	katG	katG	12.25	5	Sphingopyxis	DEG	DEG	1	Up	Up	3.05982276928993	4.22453114714667e-13	2.02524288774725e-11	12.3742214835204	2	2	Halomonas;Sphingopyxis	Up	strict ROS removal: catalase/SOD/Ahp/peroxiredoxin/OsmC-Ohr/Bcp/BtuE/Tpx direct detoxification enzyme	catalase	K03782	map00360;map00380;map00940;map00983;map01100;map01110	katG
D55_vs_B55	ROS removal	OG0000834	katG	katG	12.25	5	Aequorivita	Present_not_DEG	Homolog_present_not_DEG	1							2	2	Halomonas;Sphingopyxis	Up	strict ROS removal: catalase/SOD/Ahp/peroxiredoxin/OsmC-Ohr/Bcp/BtuE/Tpx direct detoxification enzyme	catalase	K03782	map00360;map00380;map00940;map00983;map01100;map01110	katG
D55_vs_B55	ROS removal	OG0000341	prx	prx	13.25	6	Halomonas	DEG	DEG	2	Up	Up	2.34314549620374	4.73401199392082e-11	1.61922532690026e-09	10.3247706460928	2	2	Halomonas;Sphingopyxis	Down;Up	strict ROS removal: catalase/SOD/Ahp/peroxiredoxin/OsmC-Ohr/Bcp/BtuE/Tpx direct detoxification enzyme	MULTISPECIES: peroxiredoxin	K24158;K03386	map04214	prx;ahpC
D55_vs_B55	ROS removal	OG0000341	prx	prx	13.25	6	Psychrobacter	Present_not_DEG	Homolog_present_not_DEG	1							2	2	Halomonas;Sphingopyxis	Down;Up	strict ROS removal: catalase/SOD/Ahp/peroxiredoxin/OsmC-Ohr/Bcp/BtuE/Tpx direct detoxification enzyme	MULTISPECIES: peroxiredoxin	K24158;K03386	map04214	prx;ahpC
D55_vs_B55	ROS removal	OG0000341	prx	prx	13.25	6	Sphingopyxis	DEG	DEG	1	Down	Down	-1.54349922018637	5.76787392733034e-11	1.21799557932685e-09	10.2389842408793	2	2	Halomonas;Sphingopyxis	Down;Up	strict ROS removal: catalase/SOD/Ahp/peroxiredoxin/OsmC-Ohr/Bcp/BtuE/Tpx direct detoxification enzyme	MULTISPECIES: peroxiredoxin	K24158;K03386	map04214	prx;ahpC
D55_vs_B55	ROS removal	OG0000341	prx	prx	13.25	6	Aequorivita	Present_not_DEG	Homolog_present_not_DEG	1							2	2	Halomonas;Sphingopyxis	Down;Up	strict ROS removal: catalase/SOD/Ahp/peroxiredoxin/OsmC-Ohr/Bcp/BtuE/Tpx direct detoxification enzyme	MULTISPECIES: peroxiredoxin	K24158;K03386	map04214	prx;ahpC
D55_vs_B55	ROS removal	OG0000745	sodB	sodB	14.25	7	Halomonas	DEG	DEG	1	Up	Up	2.58521611534377	3.26283515595298e-10	7.49111194709204e-09	9.48640486696248	2	2	Halomonas;Sphingopyxis	Down;Up	strict ROS removal: catalase/SOD/Ahp/peroxiredoxin/OsmC-Ohr/Bcp/BtuE/Tpx direct detoxification enzyme	MULTISPECIES: superoxide dismutase	K04564	map04013;map04068;map04146;map04211;map04212;map04213;map05016;map05208;map05417	
D55_vs_B55	ROS removal	OG0000745	sodB	sodB	14.25	7	Psychrobacter	Present_not_DEG	Homolog_present_not_DEG	1							2	2	Halomonas;Sphingopyxis	Down;Up	strict ROS removal: catalase/SOD/Ahp/peroxiredoxin/OsmC-Ohr/Bcp/BtuE/Tpx direct detoxification enzyme	MULTISPECIES: superoxide dismutase	K04564	map04013;map04068;map04146;map04211;map04212;map04213;map05016;map05208;map05417	
D55_vs_B55	ROS removal	OG0000745	sodB	sodB	14.25	7	Sphingopyxis	DEG	DEG	1	Down	Down	-1.11879049767578	3.56793597675868e-08	3.51205264218295e-07	7.4475829472303	2	2	Halomonas;Sphingopyxis	Down;Up	strict ROS removal: catalase/SOD/Ahp/peroxiredoxin/OsmC-Ohr/Bcp/BtuE/Tpx direct detoxification enzyme	MULTISPECIES: superoxide dismutase	K04564	map04013;map04068;map04146;map04211;map04212;map04213;map05016;map05208;map05417	
D55_vs_B55	ROS removal	OG0000745	sodB	sodB	14.25	7	Aequorivita	Present_not_DEG	Homolog_present_not_DEG	1							2	2	Halomonas;Sphingopyxis	Down;Up	strict ROS removal: catalase/SOD/Ahp/peroxiredoxin/OsmC-Ohr/Bcp/BtuE/Tpx direct detoxification enzyme	MULTISPECIES: superoxide dismutase	K04564	map04013;map04068;map04146;map04211;map04212;map04213;map05016;map05208;map05417	
D55_vs_B55	ROS removal	OG0001854	katE	katE	15.25	8	Halomonas	DEG	DEG	1	Up	Up	2.9678515889591	1.59518742027885e-09	2.3047707899891e-08	8.79718828388512	2	2	Halomonas;Psychrobacter	Up	strict ROS removal: catalase/SOD/Ahp/peroxiredoxin/OsmC-Ohr/Bcp/BtuE/Tpx direct detoxification enzyme	catalase	K03781	map00380;map00630;map01100;map01110;map01200;map04011;map04016;map04068;map04146;map04211;map04212;map04213;map05014;map05022;map05208	katE
D55_vs_B55	ROS removal	OG0001854	katE	katE	15.25	8	Psychrobacter	DEG	DEG	1	Up	Up	1.99066599643301	7.25116200179473e-10	2.30551058767954e-08	9.13959239197659	2	2	Halomonas;Psychrobacter	Up	strict ROS removal: catalase/SOD/Ahp/peroxiredoxin/OsmC-Ohr/Bcp/BtuE/Tpx direct detoxification enzyme	catalase	K03781	map00380;map00630;map01100;map01110;map01200;map04011;map04016;map04068;map04146;map04211;map04212;map04213;map05014;map05022;map05208	katE
D55_vs_B55	ROS removal	OG0001854	katE	katE	15.25	8	Sphingopyxis	Absent	Absent	0							2	2	Halomonas;Psychrobacter	Up	strict ROS removal: catalase/SOD/Ahp/peroxiredoxin/OsmC-Ohr/Bcp/BtuE/Tpx direct detoxification enzyme	catalase	K03781	map00380;map00630;map01100;map01110;map01200;map04011;map04016;map04068;map04146;map04211;map04212;map04213;map05014;map05022;map05208	katE
D55_vs_B55	ROS removal	OG0001854	katE	katE	15.25	8	Aequorivita	Absent	Absent	0							2	2	Halomonas;Psychrobacter	Up	strict ROS removal: catalase/SOD/Ahp/peroxiredoxin/OsmC-Ohr/Bcp/BtuE/Tpx direct detoxification enzyme	catalase	K03781	map00380;map00630;map01100;map01110;map01200;map04011;map04016;map04068;map04146;map04211;map04212;map04213;map05014;map05022;map05208	katE
D55_vs_B55	ROS removal	OG0000634	bcp	bcp	16.25	9	Halomonas	Present_not_DEG	Homolog_present_not_DEG	1							2	2	Aequorivita;Psychrobacter	Up	strict ROS removal: catalase/SOD/Ahp/peroxiredoxin/OsmC-Ohr/Bcp/BtuE/Tpx direct detoxification enzyme	MULTISPECIES: peroxiredoxin	K03564		
D55_vs_B55	ROS removal	OG0000634	bcp	bcp	16.25	9	Psychrobacter	DEG	DEG	1	Up	Up	1.39853028523436	3.0545821277415e-08	3.73392119295121e-07	7.51504819361416	2	2	Aequorivita;Psychrobacter	Up	strict ROS removal: catalase/SOD/Ahp/peroxiredoxin/OsmC-Ohr/Bcp/BtuE/Tpx direct detoxification enzyme	MULTISPECIES: peroxiredoxin	K03564		
D55_vs_B55	ROS removal	OG0000634	bcp	bcp	16.25	9	Sphingopyxis	Present_not_DEG	Homolog_present_not_DEG	1							2	2	Aequorivita;Psychrobacter	Up	strict ROS removal: catalase/SOD/Ahp/peroxiredoxin/OsmC-Ohr/Bcp/BtuE/Tpx direct detoxification enzyme	MULTISPECIES: peroxiredoxin	K03564		
D55_vs_B55	ROS removal	OG0000634	bcp	bcp	16.25	9	Aequorivita	DEG	DEG	1	Up	Up	1.96642031604837	3.34406278829102e-09	2.33712832648339e-07	8.47572557682144	2	2	Aequorivita;Psychrobacter	Up	strict ROS removal: catalase/SOD/Ahp/peroxiredoxin/OsmC-Ohr/Bcp/BtuE/Tpx direct detoxification enzyme	MULTISPECIES: peroxiredoxin	K03564		
D55_vs_B55	ROS removal	OG0001338	btuE	btuE	17.25	10	Halomonas	DEG	DEG	1	Up	Up	1.06230254457	0.0008547495210961	0.0016853649380671	3.06816113386027	2	2	Halomonas;Psychrobacter	Up	strict ROS removal: catalase/SOD/Ahp/peroxiredoxin/OsmC-Ohr/Bcp/BtuE/Tpx direct detoxification enzyme	glutathione peroxidase	K00432	map00480;map01100;map04918;map05014;map05016;map05022	btuE
D55_vs_B55	ROS removal	OG0001338	btuE	btuE	17.25	10	Psychrobacter	DEG	DEG	1	Up	Up	1.30215644226806	0.0001770989378905	0.0005488989393444	3.7517840433818	2	2	Halomonas;Psychrobacter	Up	strict ROS removal: catalase/SOD/Ahp/peroxiredoxin/OsmC-Ohr/Bcp/BtuE/Tpx direct detoxification enzyme	glutathione peroxidase	K00432	map00480;map01100;map04918;map05014;map05016;map05022	btuE
D55_vs_B55	ROS removal	OG0001338	btuE	btuE	17.25	10	Sphingopyxis	Present_not_DEG	Homolog_present_not_DEG	1							2	2	Halomonas;Psychrobacter	Up	strict ROS removal: catalase/SOD/Ahp/peroxiredoxin/OsmC-Ohr/Bcp/BtuE/Tpx direct detoxification enzyme	glutathione peroxidase	K00432	map00480;map01100;map04918;map05014;map05016;map05022	btuE
D55_vs_B55	ROS removal	OG0001338	btuE	btuE	17.25	10	Aequorivita	Absent	Absent	0							2	2	Halomonas;Psychrobacter	Up	strict ROS removal: catalase/SOD/Ahp/peroxiredoxin/OsmC-Ohr/Bcp/BtuE/Tpx direct detoxification enzyme	glutathione peroxidase	K00432	map00480;map01100;map04918;map05014;map05016;map05022	btuE
D55_vs_B55	Flagellar assembly	OG0001997	fliI	fliI	19.5	1	Halomonas	DEG	DEG	1	Down	Down	-1.80107020041297	2.73089509516554e-07	1.42585052320793e-06	6.56369498256469	2	2	Halomonas;Sphingopyxis	Down	strict flagellar assembly: flagellar structural, motor, basal-body, hook, or export component	MULTISPECIES: flagellar protein export ATPase FliI	K02412	map02040	fliI
D55_vs_B55	Flagellar assembly	OG0001997	fliI	fliI	19.5	1	Psychrobacter	Absent	Absent	0							2	2	Halomonas;Sphingopyxis	Down	strict flagellar assembly: flagellar structural, motor, basal-body, hook, or export component	MULTISPECIES: flagellar protein export ATPase FliI	K02412	map02040	fliI
D55_vs_B55	Flagellar assembly	OG0001997	fliI	fliI	19.5	1	Sphingopyxis	DEG	DEG	1	Down	Down	-1.53387429912564	9.97252493012839e-07	6.21950600604191e-06	6.00119486933212	2	2	Halomonas;Sphingopyxis	Down	strict flagellar assembly: flagellar structural, motor, basal-body, hook, or export component	MULTISPECIES: flagellar protein export ATPase FliI	K02412	map02040	fliI
D55_vs_B55	Flagellar assembly	OG0001997	fliI	fliI	19.5	1	Aequorivita	Absent	Absent	0							2	2	Halomonas;Sphingopyxis	Down	strict flagellar assembly: flagellar structural, motor, basal-body, hook, or export component	MULTISPECIES: flagellar protein export ATPase FliI	K02412	map02040	fliI
D55_vs_B55	Flagellar assembly	OG0001996	fliG	fliG	20.5	2	Halomonas	DEG	DEG	1	Down	Down	-1.98636679370353	1.83684400819256e-06	7.26709468395865e-06	5.73592772407402	2	2	Halomonas;Sphingopyxis	Down	strict flagellar assembly: flagellar structural, motor, basal-body, hook, or export component	MULTISPECIES: flagellar motor switch protein FliG	K02410	map02030;map02040	fliG
D55_vs_B55	Flagellar assembly	OG0001996	fliG	fliG	20.5	2	Psychrobacter	Absent	Absent	0							2	2	Halomonas;Sphingopyxis	Down	strict flagellar assembly: flagellar structural, motor, basal-body, hook, or export component	MULTISPECIES: flagellar motor switch protein FliG	K02410	map02030;map02040	fliG
D55_vs_B55	Flagellar assembly	OG0001996	fliG	fliG	20.5	2	Sphingopyxis	DEG	DEG	1	Down	Down	-1.27997812185671	9.13833527229166e-05	0.0003274570139237	4.0391329123522	2	2	Halomonas;Sphingopyxis	Down	strict flagellar assembly: flagellar structural, motor, basal-body, hook, or export component	MULTISPECIES: flagellar motor switch protein FliG	K02410	map02030;map02040	fliG
D55_vs_B55	Flagellar assembly	OG0001996	fliG	fliG	20.5	2	Aequorivita	Absent	Absent	0							2	2	Halomonas;Sphingopyxis	Down	strict flagellar assembly: flagellar structural, motor, basal-body, hook, or export component	MULTISPECIES: flagellar motor switch protein FliG	K02410	map02030;map02040	fliG
D55_vs_B55	proteostasis	OG0000403	groES	groES	22.75	1	Halomonas	DEG	DEG	1	Up	Up	1.66846826865761	6.09262390984974e-07	2.86029066468016e-06	6.2151956295102	3	3	Aequorivita;Halomonas;Sphingopyxis	Down;Up	strict proteostasis: chaperone/co-chaperone, folding/isomerization factor, or stress/ATP-dependent protease	MULTISPECIES: co-chaperone GroES	K04078		groES
D55_vs_B55	proteostasis	OG0000403	groES	groES	22.75	1	Psychrobacter	Present_not_DEG	Homolog_present_not_DEG	1							3	3	Aequorivita;Halomonas;Sphingopyxis	Down;Up	strict proteostasis: chaperone/co-chaperone, folding/isomerization factor, or stress/ATP-dependent protease	MULTISPECIES: co-chaperone GroES	K04078		groES
D55_vs_B55	proteostasis	OG0000403	groES	groES	22.75	1	Sphingopyxis	DEG	DEG	2	Down	Down	-2.0986157817009	7.05758053214811e-13	3.03063187954614e-11	12.1513441575356	3	3	Aequorivita;Halomonas;Sphingopyxis	Down;Up	strict proteostasis: chaperone/co-chaperone, folding/isomerization factor, or stress/ATP-dependent protease	MULTISPECIES: co-chaperone GroES	K04078		groES
D55_vs_B55	proteostasis	OG0000403	groES	groES	22.75	1	Aequorivita	DEG	DEG	1	Up	Up	1.33396512863729	0.0009225089531134	0.0032957349806156	3.03502941024329	3	3	Aequorivita;Halomonas;Sphingopyxis	Down;Up	strict proteostasis: chaperone/co-chaperone, folding/isomerization factor, or stress/ATP-dependent protease	MULTISPECIES: co-chaperone GroES	K04078		groES
D55_vs_B55	proteostasis	OG0000241	lon	lon	23.75	2	Halomonas	DEG	DEG	2	Up	Up	1.97208810541034	7.98462338404397e-12	4.05522084595688e-10	11.0977455636944	3	3	Aequorivita;Halomonas;Psychrobacter	Up	strict proteostasis: chaperone/co-chaperone, folding/isomerization factor, or stress/ATP-dependent protease	ATP-dependent proteinase. Serine peptidase. MEROPS family S16	K01338;K04770	map04112	lon;lonB
D55_vs_B55	proteostasis	OG0000241	lon	lon	23.75	2	Psychrobacter	DEG	DEG	2	Up	Up	1.44081543731509	1.37075379977015e-06	8.88104579379905e-06	5.86304054156564	3	3	Aequorivita;Halomonas;Psychrobacter	Up	strict proteostasis: chaperone/co-chaperone, folding/isomerization factor, or stress/ATP-dependent protease	ATP-dependent proteinase. Serine peptidase. MEROPS family S16	K01338;K04770	map04112	lon;lonB
D55_vs_B55	proteostasis	OG0000241	lon	lon	23.75	2	Sphingopyxis	Present_not_DEG	Homolog_present_not_DEG	1							3	3	Aequorivita;Halomonas;Psychrobacter	Up	strict proteostasis: chaperone/co-chaperone, folding/isomerization factor, or stress/ATP-dependent protease	ATP-dependent proteinase. Serine peptidase. MEROPS family S16	K01338;K04770	map04112	lon;lonB
D55_vs_B55	proteostasis	OG0000241	lon	lon	23.75	2	Aequorivita	DEG	DEG	1	Up	Up	1.74212057879952	8.62488839471571e-08	2.52328130245404e-06	7.06424651595008	3	3	Aequorivita;Halomonas;Psychrobacter	Up	strict proteostasis: chaperone/co-chaperone, folding/isomerization factor, or stress/ATP-dependent protease	ATP-dependent proteinase. Serine peptidase. MEROPS family S16	K01338;K04770	map04112	lon;lonB
D55_vs_B55	proteostasis	OG0001212	htpG	htpG	24.75	3	Halomonas	DEG	DEG	1	Up	Up	2.26107097931948	6.04097387623225e-11	2.02493444331305e-09	10.2188930423425	3	3	Aequorivita;Halomonas;Psychrobacter	Up	strict proteostasis: chaperone/co-chaperone, folding/isomerization factor, or stress/ATP-dependent protease	molecular chaperone HtpG	K04079	map04141;map04151;map04217;map04612;map04621;map04626;map04657;map04659;map04914;map04915;map05132;map05200;map05207;map05215;map05417;map05418	htpG
D55_vs_B55	proteostasis	OG0001212	htpG	htpG	24.75	3	Psychrobacter	DEG	DEG	1	Up	Up	1.50094635855673	4.22251933500783e-05	0.0001618806369968	4.37442835310853	3	3	Aequorivita;Halomonas;Psychrobacter	Up	strict proteostasis: chaperone/co-chaperone, folding/isomerization factor, or stress/ATP-dependent protease	molecular chaperone HtpG	K04079	map04141;map04151;map04217;map04612;map04621;map04626;map04657;map04659;map04914;map04915;map05132;map05200;map05207;map05215;map05417;map05418	htpG
D55_vs_B55	proteostasis	OG0001212	htpG	htpG	24.75	3	Sphingopyxis	Absent	Absent	0							3	3	Aequorivita;Halomonas;Psychrobacter	Up	strict proteostasis: chaperone/co-chaperone, folding/isomerization factor, or stress/ATP-dependent protease	molecular chaperone HtpG	K04079	map04141;map04151;map04217;map04612;map04621;map04626;map04657;map04659;map04914;map04915;map05132;map05200;map05207;map05215;map05417;map05418	htpG
D55_vs_B55	proteostasis	OG0001212	htpG	htpG	24.75	3	Aequorivita	DEG	DEG	1	Up	Up	1.35065378824267	0.0001601612845755	0.0008027207011794	3.7954424565867	3	3	Aequorivita;Halomonas;Psychrobacter	Up	strict proteostasis: chaperone/co-chaperone, folding/isomerization factor, or stress/ATP-dependent protease	molecular chaperone HtpG	K04079	map04141;map04151;map04217;map04612;map04621;map04626;map04657;map04659;map04914;map04915;map05132;map05200;map05207;map05215;map05417;map05418	htpG
D55_vs_B55	proteostasis	OG0000537	clpB	clpB	25.75	4	Halomonas	DEG	DEG	1	Up	Up	1.93595619388366	5.51434162973595e-09	5.92438241758811e-08	8.25850633157207	3	3	Aequorivita;Halomonas;Sphingopyxis	Down;Up	strict proteostasis: chaperone/co-chaperone, folding/isomerization factor, or stress/ATP-dependent protease	ATP-dependent chaperone ClpB	K03695	map04213	clpB
D55_vs_B55	proteostasis	OG0000537	clpB	clpB	25.75	4	Psychrobacter	Present_not_DEG	Homolog_present_not_DEG	1							3	3	Aequorivita;Halomonas;Sphingopyxis	Down;Up	strict proteostasis: chaperone/co-chaperone, folding/isomerization factor, or stress/ATP-dependent protease	ATP-dependent chaperone ClpB	K03695	map04213	clpB
D55_vs_B55	proteostasis	OG0000537	clpB	clpB	25.75	4	Sphingopyxis	DEG	DEG	1	Down	Down	-2.34215755640483	1.37103556547438e-10	2.60496757440132e-09	9.86295127920835	3	3	Aequorivita;Halomonas;Sphingopyxis	Down;Up	strict proteostasis: chaperone/co-chaperone, folding/isomerization factor, or stress/ATP-dependent protease	ATP-dependent chaperone ClpB	K03695	map04213	clpB
D55_vs_B55	proteostasis	OG0000537	clpB	clpB	25.75	4	Aequorivita	DEG	DEG	1	Up	Up	1.34328305350627	2.31090684091329e-05	0.0001875561810238	4.63621756178735	3	3	Aequorivita;Halomonas;Sphingopyxis	Down;Up	strict proteostasis: chaperone/co-chaperone, folding/isomerization factor, or stress/ATP-dependent protease	ATP-dependent chaperone ClpB	K03695	map04213	clpB
D55_vs_B55	proteostasis	OG0000227	dnaJ	dnaJ	26.75	5	Halomonas	DEG	DEG	1	Up	Up	2.27591694627582	2.9120723055925e-09	3.5086880039709e-08	8.53579784586656	3	3	Aequorivita;Halomonas;Psychrobacter	Up	strict proteostasis: chaperone/co-chaperone, folding/isomerization factor, or stress/ATP-dependent protease	molecular chaperone DnaJ	K03686;K05516		dnaJ;cbpA
D55_vs_B55	proteostasis	OG0000227	dnaJ	dnaJ	26.75	5	Psychrobacter	DEG	DEG	1	Up	Up	1.08978137658335	0.0002241294228854	0.0006728286015108	3.64950112714188	3	3	Aequorivita;Halomonas;Psychrobacter	Up	strict proteostasis: chaperone/co-chaperone, folding/isomerization factor, or stress/ATP-dependent protease	molecular chaperone DnaJ	K03686;K05516		dnaJ;cbpA
D55_vs_B55	proteostasis	OG0000227	dnaJ	dnaJ	26.75	5	Sphingopyxis	Present_not_DEG	Homolog_present_not_DEG	2							3	3	Aequorivita;Halomonas;Psychrobacter	Up	strict proteostasis: chaperone/co-chaperone, folding/isomerization factor, or stress/ATP-dependent protease	molecular chaperone DnaJ	K03686;K05516		dnaJ;cbpA
D55_vs_B55	proteostasis	OG0000227	dnaJ	dnaJ	26.75	5	Aequorivita	DEG	DEG	2	Up	Up	1.528947123323	4.54468809695499e-07	8.86454339437493e-06	6.34249591715477	3	3	Aequorivita;Halomonas;Psychrobacter	Up	strict proteostasis: chaperone/co-chaperone, folding/isomerization factor, or stress/ATP-dependent protease	molecular chaperone DnaJ	K03686;K05516		dnaJ;cbpA
D55_vs_B55	proteostasis	OG0000144	slpA	slpA	27.75	6	Halomonas	Present_not_DEG	Homolog_present_not_DEG	3							3	3	Aequorivita;Psychrobacter;Sphingopyxis	Down;Up	strict proteostasis: chaperone/co-chaperone, folding/isomerization factor, or stress/ATP-dependent protease	MULTISPECIES: peptidylprolyl isomerase	K03775;K03774		slyD;slpA;fkpA
D55_vs_B55	proteostasis	OG0000144	slpA	slpA	27.75	6	Psychrobacter	DEG	DEG	2	Up	Up	1.36278221138658	5.80346246081343e-06	3.07664336572852e-05	5.23631282040965	3	3	Aequorivita;Psychrobacter;Sphingopyxis	Down;Up	strict proteostasis: chaperone/co-chaperone, folding/isomerization factor, or stress/ATP-dependent protease	MULTISPECIES: peptidylprolyl isomerase	K03775;K03774		slyD;slpA;fkpA
D55_vs_B55	proteostasis	OG0000144	slpA	slpA	27.75	6	Sphingopyxis	DEG	DEG	1	Down	Down	-1.06748434249543	1.27836363677434e-07	1.04967144848707e-06	6.89334559141936	3	3	Aequorivita;Psychrobacter;Sphingopyxis	Down;Up	strict proteostasis: chaperone/co-chaperone, folding/isomerization factor, or stress/ATP-dependent protease	MULTISPECIES: peptidylprolyl isomerase	K03775;K03774		slyD;slpA;fkpA
D55_vs_B55	proteostasis	OG0000144	slpA	slpA	27.75	6	Aequorivita	DEG	DEG	1	Up	Up	1.08240767804538	0.0001406613500214	0.0007381806849435	3.85182521868693	3	3	Aequorivita;Psychrobacter;Sphingopyxis	Down;Up	strict proteostasis: chaperone/co-chaperone, folding/isomerization factor, or stress/ATP-dependent protease	MULTISPECIES: peptidylprolyl isomerase	K03775;K03774		slyD;slpA;fkpA
D55_vs_B55	proteostasis	OG0000177	degP	degP	28.75	7	Halomonas	DEG	DEG	2	Up	Up	2.12764155303187	9.82626468323716e-11	3.12100057681774e-09	10.0076115417561	2	2	Halomonas;Sphingopyxis	Up	strict proteostasis: chaperone/co-chaperone, folding/isomerization factor, or stress/ATP-dependent protease	peptidase Do family protein	K04691;K04772;K04771	map01503;map02020	hhoB;degP
D55_vs_B55	proteostasis	OG0000177	degP	degP	28.75	7	Psychrobacter	Present_not_DEG	Homolog_present_not_DEG	3							2	2	Halomonas;Sphingopyxis	Up	strict proteostasis: chaperone/co-chaperone, folding/isomerization factor, or stress/ATP-dependent protease	peptidase Do family protein	K04691;K04772;K04771	map01503;map02020	hhoB;degP
D55_vs_B55	proteostasis	OG0000177	degP	degP	28.75	7	Sphingopyxis	DEG	DEG	1	Up	Up	1.05931719406721	3.07140542062231e-11	7.38040655484832e-10	10.5126628535934	2	2	Halomonas;Sphingopyxis	Up	strict proteostasis: chaperone/co-chaperone, folding/isomerization factor, or stress/ATP-dependent protease	peptidase Do family protein	K04691;K04772;K04771	map01503;map02020	hhoB;degP
D55_vs_B55	proteostasis	OG0000177	degP	degP	28.75	7	Aequorivita	Present_not_DEG	Homolog_present_not_DEG	1							2	2	Halomonas;Sphingopyxis	Up	strict proteostasis: chaperone/co-chaperone, folding/isomerization factor, or stress/ATP-dependent protease	peptidase Do family protein	K04691;K04772;K04771	map01503;map02020	hhoB;degP
D55_vs_B55	proteostasis	OG0000550	dnaK	dnaK	29.75	8	Halomonas	DEG	DEG	1	Up	Up	2.70307080788067	2.14824780927224e-11	8.37317053102388e-10	10.6679156224176	2	2	Aequorivita;Halomonas	Up	strict proteostasis: chaperone/co-chaperone, folding/isomerization factor, or stress/ATP-dependent protease	molecular chaperone DnaK	K04043	map03018;map04212;map05152	dnaK
D55_vs_B55	proteostasis	OG0000550	dnaK	dnaK	29.75	8	Psychrobacter	Present_not_DEG	Homolog_present_not_DEG	1							2	2	Aequorivita;Halomonas	Up	strict proteostasis: chaperone/co-chaperone, folding/isomerization factor, or stress/ATP-dependent protease	molecular chaperone DnaK	K04043	map03018;map04212;map05152	dnaK
D55_vs_B55	proteostasis	OG0000550	dnaK	dnaK	29.75	8	Sphingopyxis	Present_not_DEG	Homolog_present_not_DEG	1							2	2	Aequorivita;Halomonas	Up	strict proteostasis: chaperone/co-chaperone, folding/isomerization factor, or stress/ATP-dependent protease	molecular chaperone DnaK	K04043	map03018;map04212;map05152	dnaK
D55_vs_B55	proteostasis	OG0000550	dnaK	dnaK	29.75	8	Aequorivita	DEG	DEG	1	Up	Up	1.07374094740615	0.0003725078111109	0.0015568598882976	3.4288646161055	2	2	Aequorivita;Halomonas	Up	strict proteostasis: chaperone/co-chaperone, folding/isomerization factor, or stress/ATP-dependent protease	molecular chaperone DnaK	K04043	map03018;map04212;map05152	dnaK
D55_vs_B55	proteostasis	OG0000582	grpE	grpE	30.75	9	Halomonas	DEG	DEG	1	Up	Up	2.38100140363685	2.73467869965925e-10	6.84077835914763e-09	9.56309369205888	2	2	Aequorivita;Halomonas	Up	strict proteostasis: chaperone/co-chaperone, folding/isomerization factor, or stress/ATP-dependent protease	MULTISPECIES: nucleotide exchange factor GrpE	K03687		
D55_vs_B55	proteostasis	OG0000582	grpE	grpE	30.75	9	Psychrobacter	Present_not_DEG	Homolog_present_not_DEG	1							2	2	Aequorivita;Halomonas	Up	strict proteostasis: chaperone/co-chaperone, folding/isomerization factor, or stress/ATP-dependent protease	MULTISPECIES: nucleotide exchange factor GrpE	K03687		
D55_vs_B55	proteostasis	OG0000582	grpE	grpE	30.75	9	Sphingopyxis	Present_not_DEG	Homolog_present_not_DEG	1							2	2	Aequorivita;Halomonas	Up	strict proteostasis: chaperone/co-chaperone, folding/isomerization factor, or stress/ATP-dependent protease	MULTISPECIES: nucleotide exchange factor GrpE	K03687		
D55_vs_B55	proteostasis	OG0000582	grpE	grpE	30.75	9	Aequorivita	DEG	DEG	1	Up	Up	1.94383560137815	1.31097579115412e-06	2.08760448768592e-05	5.88240532803932	2	2	Aequorivita;Halomonas	Up	strict proteostasis: chaperone/co-chaperone, folding/isomerization factor, or stress/ATP-dependent protease	MULTISPECIES: nucleotide exchange factor GrpE	K03687		
D55_vs_B55	proteostasis	OG0001280	clpA	clpA	31.75	10	Halomonas	DEG	DEG	1	Up	Up	1.93080557223888	6.51369723557714e-10	1.28434783139145e-08	9.18617243182795	2	2	Halomonas;Sphingopyxis	Down;Up	strict proteostasis: chaperone/co-chaperone, folding/isomerization factor, or stress/ATP-dependent protease	ATP-dependent Clp protease ATP-binding subunit ClpA	K03694		clpA
D55_vs_B55	proteostasis	OG0001280	clpA	clpA	31.75	10	Psychrobacter	Present_not_DEG	Homolog_present_not_DEG	1							2	2	Halomonas;Sphingopyxis	Down;Up	strict proteostasis: chaperone/co-chaperone, folding/isomerization factor, or stress/ATP-dependent protease	ATP-dependent Clp protease ATP-binding subunit ClpA	K03694		clpA
D55_vs_B55	proteostasis	OG0001280	clpA	clpA	31.75	10	Sphingopyxis	DEG	DEG	1	Down	Down	-1.11541371994959	5.82781331879938e-09	6.70608941050577e-08	8.23449436834917	2	2	Halomonas;Sphingopyxis	Down;Up	strict proteostasis: chaperone/co-chaperone, folding/isomerization factor, or stress/ATP-dependent protease	ATP-dependent Clp protease ATP-binding subunit ClpA	K03694		clpA
D55_vs_B55	proteostasis	OG0001280	clpA	clpA	31.75	10	Aequorivita	Absent	Absent	0							2	2	Halomonas;Sphingopyxis	Down;Up	strict proteostasis: chaperone/co-chaperone, folding/isomerization factor, or stress/ATP-dependent protease	ATP-dependent Clp protease ATP-binding subunit ClpA	K03694		clpA
D55_vs_B55	proteostasis	OG0000157	ybbN	ybbN	32.75	11	Halomonas	DEG	DEG	2	Up	Up	1.45986908001234	9.97223633717336e-09	9.13304267819812e-08	8.00120743747733	2	2	Halomonas;Psychrobacter	Up	strict proteostasis: chaperone/co-chaperone, folding/isomerization factor, or stress/ATP-dependent protease	MULTISPECIES: co-chaperone YbbN	K03671;K05838	map04621;map05012;map05132;map05418	trxA;ybbN
D55_vs_B55	proteostasis	OG0000157	ybbN	ybbN	32.75	11	Psychrobacter	DEG	DEG	1	Up	Up	1.12302589271225	1.13925997576711e-05	5.4061777732054e-05	4.94337715989132	2	2	Halomonas;Psychrobacter	Up	strict proteostasis: chaperone/co-chaperone, folding/isomerization factor, or stress/ATP-dependent protease	MULTISPECIES: co-chaperone YbbN	K03671;K05838	map04621;map05012;map05132;map05418	trxA;ybbN
D55_vs_B55	proteostasis	OG0000157	ybbN	ybbN	32.75	11	Sphingopyxis	Present_not_DEG	Homolog_present_not_DEG	2							2	2	Halomonas;Psychrobacter	Up	strict proteostasis: chaperone/co-chaperone, folding/isomerization factor, or stress/ATP-dependent protease	MULTISPECIES: co-chaperone YbbN	K03671;K05838	map04621;map05012;map05132;map05418	trxA;ybbN
D55_vs_B55	proteostasis	OG0000157	ybbN	ybbN	32.75	11	Aequorivita	Present_not_DEG	Homolog_present_not_DEG	2							2	2	Halomonas;Psychrobacter	Up	strict proteostasis: chaperone/co-chaperone, folding/isomerization factor, or stress/ATP-dependent protease	MULTISPECIES: co-chaperone YbbN	K03671;K05838	map04621;map05012;map05132;map05418	trxA;ybbN
D55_vs_B55	proteostasis	OG0000404	groEL	groEL	33.75	12	Halomonas	DEG	DEG	1	Up	Up	1.2870236850702	1.10626469559102e-05	3.42717121961283e-05	4.95614094709936	2	2	Aequorivita;Halomonas	Up	strict proteostasis: chaperone/co-chaperone, folding/isomerization factor, or stress/ATP-dependent protease	MULTISPECIES: chaperonin GroEL	K04077	map03018;map04212;map04940;map05134;map05152;map05417	groEL
D55_vs_B55	proteostasis	OG0000404	groEL	groEL	33.75	12	Psychrobacter	Present_not_DEG	Homolog_present_not_DEG	1							2	2	Aequorivita;Halomonas	Up	strict proteostasis: chaperone/co-chaperone, folding/isomerization factor, or stress/ATP-dependent protease	MULTISPECIES: chaperonin GroEL	K04077	map03018;map04212;map04940;map05134;map05152;map05417	groEL
D55_vs_B55	proteostasis	OG0000404	groEL	groEL	33.75	12	Sphingopyxis	Present_not_DEG	Homolog_present_not_DEG	2							2	2	Aequorivita;Halomonas	Up	strict proteostasis: chaperone/co-chaperone, folding/isomerization factor, or stress/ATP-dependent protease	MULTISPECIES: chaperonin GroEL	K04077	map03018;map04212;map04940;map05134;map05152;map05417	groEL
D55_vs_B55	proteostasis	OG0000404	groEL	groEL	33.75	12	Aequorivita	DEG	DEG	1	Up	Up	1.34470007462068	0.0003722975345491	0.0015568598882976	3.42910983978286	2	2	Aequorivita;Halomonas	Up	strict proteostasis: chaperone/co-chaperone, folding/isomerization factor, or stress/ATP-dependent protease	MULTISPECIES: chaperonin GroEL	K04077	map03018;map04212;map04940;map05134;map05152;map05417	groEL
D55_vs_B55	osmoregulation	OG0001783	ectA	ectA	36	1	Halomonas	DEG	DEG	1	Up	Up	2.10106384616902	4.494846368996e-09	4.95615954897191e-08	8.3472851475876	2	2	Halomonas;Sphingopyxis	Up	strict osmoregulation: compatible-solute synthesis/transport or mechanosensitive channel	MULTISPECIES: diaminobutyrate acetyltransferase	K06718	map00260;map01100;map01120	ectA
D55_vs_B55	osmoregulation	OG0001783	ectA	ectA	36	1	Psychrobacter	Absent	Absent	0							2	2	Halomonas;Sphingopyxis	Up	strict osmoregulation: compatible-solute synthesis/transport or mechanosensitive channel	MULTISPECIES: diaminobutyrate acetyltransferase	K06718	map00260;map01100;map01120	ectA
D55_vs_B55	osmoregulation	OG0001783	ectA	ectA	36	1	Sphingopyxis	DEG	DEG	1	Up	Up	1.03116157485455	1.31839781125373e-06	7.92008096907571e-06	5.87995352664303	2	2	Halomonas;Sphingopyxis	Up	strict osmoregulation: compatible-solute synthesis/transport or mechanosensitive channel	MULTISPECIES: diaminobutyrate acetyltransferase	K06718	map00260;map01100;map01120	ectA
D55_vs_B55	osmoregulation	OG0001783	ectA	ectA	36	1	Aequorivita	Absent	Absent	0							2	2	Halomonas;Sphingopyxis	Up	strict osmoregulation: compatible-solute synthesis/transport or mechanosensitive channel	MULTISPECIES: diaminobutyrate acetyltransferase	K06718	map00260;map01100;map01120	ectA
D55_vs_B55	osmoregulation	OG0001896	ectD	ectD	37	2	Halomonas	DEG	DEG	1	Up	Up	1.51845322779891	9.82753403928707e-09	9.13304267819812e-08	8.00755544325461	2	2	Halomonas;Sphingopyxis	Up	strict osmoregulation: compatible-solute synthesis/transport or mechanosensitive channel	MULTISPECIES: ectoine hydroxylase	K10674	map00260;map01100;map01120	ectD
D55_vs_B55	osmoregulation	OG0001896	ectD	ectD	37	2	Psychrobacter	Absent	Absent	0							2	2	Halomonas;Sphingopyxis	Up	strict osmoregulation: compatible-solute synthesis/transport or mechanosensitive channel	MULTISPECIES: ectoine hydroxylase	K10674	map00260;map01100;map01120	ectD
D55_vs_B55	osmoregulation	OG0001896	ectD	ectD	37	2	Sphingopyxis	DEG	DEG	1	Up	Up	1.20798987704533	1.27815189597682e-07	1.04967144848707e-06	6.89341753141659	2	2	Halomonas;Sphingopyxis	Up	strict osmoregulation: compatible-solute synthesis/transport or mechanosensitive channel	MULTISPECIES: ectoine hydroxylase	K10674	map00260;map01100;map01120	ectD
D55_vs_B55	osmoregulation	OG0001896	ectD	ectD	37	2	Aequorivita	Absent	Absent	0							2	2	Halomonas;Sphingopyxis	Up	strict osmoregulation: compatible-solute synthesis/transport or mechanosensitive channel	MULTISPECIES: ectoine hydroxylase	K10674	map00260;map01100;map01120	ectD
D55_vs_B55	osmoregulation	OG0000128	betA	betA	38	3	Halomonas	DEG	DEG	3	Up	Up	1.52333676986566	3.75793140782867e-08	2.61339960146093e-07	7.42505115118424	2	2	Halomonas;Psychrobacter	Down;Up	strict osmoregulation: compatible-solute synthesis/transport or mechanosensitive channel	MULTISPECIES: choline dehydrogenase	K00108;K28060	map00260;map00670;map01100;map00640;map01120	betA;mpdB
D55_vs_B55	osmoregulation	OG0000128	betA	betA	38	3	Psychrobacter	DEG	DEG	1	Down	Down	-1.06789650108606	0.002899698171962	0.0062142199253267	2.53764720522976	2	2	Halomonas;Psychrobacter	Down;Up	strict osmoregulation: compatible-solute synthesis/transport or mechanosensitive channel	MULTISPECIES: choline dehydrogenase	K00108;K28060	map00260;map00670;map01100;map00640;map01120	betA;mpdB
D55_vs_B55	osmoregulation	OG0000128	betA	betA	38	3	Sphingopyxis	Present_not_DEG	Homolog_present_not_DEG	4							2	2	Halomonas;Psychrobacter	Down;Up	strict osmoregulation: compatible-solute synthesis/transport or mechanosensitive channel	MULTISPECIES: choline dehydrogenase	K00108;K28060	map00260;map00670;map01100;map00640;map01120	betA;mpdB
D55_vs_B55	osmoregulation	OG0000128	betA	betA	38	3	Aequorivita	Absent	Absent	0							2	2	Halomonas;Psychrobacter	Down;Up	strict osmoregulation: compatible-solute synthesis/transport or mechanosensitive channel	MULTISPECIES: choline dehydrogenase	K00108;K28060	map00260;map00670;map01100;map00640;map01120	betA;mpdB
D55_vs_B55	osmoregulation	OG0001784	ectB	ectB	39	4	Halomonas	DEG	DEG	1	Up	Up	1.61887168083183	5.47166150382596e-08	3.56828975891529e-07	7.26188077743699	2	2	Halomonas;Sphingopyxis	Up	strict osmoregulation: compatible-solute synthesis/transport or mechanosensitive channel	MULTISPECIES: diaminobutyrate--2-oxoglutarate transaminase	K00836	map00260;map00975;map01100;map01110;map01120;map01210;map01230	ectB
D55_vs_B55	osmoregulation	OG0001784	ectB	ectB	39	4	Psychrobacter	Absent	Absent	0							2	2	Halomonas;Sphingopyxis	Up	strict osmoregulation: compatible-solute synthesis/transport or mechanosensitive channel	MULTISPECIES: diaminobutyrate--2-oxoglutarate transaminase	K00836	map00260;map00975;map01100;map01110;map01120;map01210;map01230	ectB
D55_vs_B55	osmoregulation	OG0001784	ectB	ectB	39	4	Sphingopyxis	DEG	DEG	1	Up	Up	1.16876152103144	2.43431253289329e-07	1.86744914495194e-06	6.61362366497302	2	2	Halomonas;Sphingopyxis	Up	strict osmoregulation: compatible-solute synthesis/transport or mechanosensitive channel	MULTISPECIES: diaminobutyrate--2-oxoglutarate transaminase	K00836	map00260;map00975;map01100;map01110;map01120;map01210;map01230	ectB
D55_vs_B55	osmoregulation	OG0001784	ectB	ectB	39	4	Aequorivita	Absent	Absent	0							2	2	Halomonas;Sphingopyxis	Up	strict osmoregulation: compatible-solute synthesis/transport or mechanosensitive channel	MULTISPECIES: diaminobutyrate--2-oxoglutarate transaminase	K00836	map00260;map00975;map01100;map01110;map01120;map01210;map01230	ectB
