contrast,orthofinder_orthogroup,member_strains,n_member_strains,Halomonas_present,Psychrobacter_present,Aequorivita_present,Sphingopyxis_present,Halomonas_direction,Psychrobacter_direction,Aequorivita_direction,Sphingopyxis_direction
D55_vs_D0,OG0000002,Sphingopyxis,1,False,False,False,True,,,,down
D55_vs_D0,OG0000003,Aequorivita;Sphingopyxis,2,False,False,True,True,,,down,down
D55_vs_D0,OG0000005,Sphingopyxis,1,False,False,False,True,,,,down
D55_vs_D0,OG0000007,Halomonas;Sphingopyxis,2,True,False,False,True,down,,,down
D55_vs_D0,OG0000008,Sphingopyxis,1,False,False,False,True,,,,down
D55_vs_D0,OG0000009,Sphingopyxis,1,False,False,False,True,,,,up
D55_vs_D0,OG0000011,Aequorivita,1,False,False,True,False,,,down,
D55_vs_D0,OG0000013,Psychrobacter,1,False,True,False,False,,up,,
D55_vs_D0,OG0000016,Halomonas;Psychrobacter,2,True,True,False,False,up,down,,
D55_vs_D0,OG0000017,Halomonas;Sphingopyxis,2,True,False,False,True,up,,,up
D55_vs_D0,OG0000018,Sphingopyxis,1,False,False,False,True,,,,down
D55_vs_D0,OG0000021,Aequorivita,1,False,False,True,False,,,up,
D55_vs_D0,OG0000023,Halomonas,1,True,False,False,False,down,,,
D55_vs_D0,OG0000024,Sphingopyxis,1,False,False,False,True,,,,down
D55_vs_D0,OG0000026,Aequorivita,1,False,False,True,False,,,down,
D55_vs_D0,OG0000027,Psychrobacter,1,False,True,False,False,,up,,
D55_vs_D0,OG0000028,Psychrobacter,1,False,True,False,False,,down,,
D55_vs_D0,OG0000031,Aequorivita,1,False,False,True,False,,,down,
D55_vs_D0,OG0000032,Sphingopyxis,1,False,False,False,True,,,,down
D55_vs_D0,OG0000034,Sphingopyxis,1,False,False,False,True,,,,down
D55_vs_D0,OG0000035,Halomonas;Sphingopyxis,2,True,False,False,True,up,,,up
D55_vs_D0,OG0000037,Halomonas;Aequorivita,2,True,False,True,False,down,,up,
D55_vs_D0,OG0000040,Aequorivita,1,False,False,True,False,,,up,
D55_vs_D0,OG0000041,Sphingopyxis,1,False,False,False,True,,,,down
D55_vs_D0,OG0000043,Sphingopyxis,1,False,False,False,True,,,,down
D55_vs_D0,OG0000044,Halomonas;Psychrobacter;Sphingopyxis,3,True,True,False,True,down,up,,up
D55_vs_D0,OG0000045,Halomonas,1,True,False,False,False,up,,,
D55_vs_D0,OG0000047,Psychrobacter;Sphingopyxis,2,False,True,False,True,,up,,down
D55_vs_D0,OG0000049,Sphingopyxis,1,False,False,False,True,,,,up
D55_vs_D0,OG0000050,Halomonas,1,True,False,False,False,up,,,
D55_vs_D0,OG0000051,Halomonas;Sphingopyxis,2,True,False,False,True,down,,,down
D55_vs_D0,OG0000052,Psychrobacter;Sphingopyxis,2,False,True,False,True,,down,,up
D55_vs_D0,OG0000058,Sphingopyxis,1,False,False,False,True,,,,down
D55_vs_D0,OG0000060,Psychrobacter;Aequorivita,2,False,True,True,False,,up,up,
D55_vs_D0,OG0000061,Sphingopyxis,1,False,False,False,True,,,,down
D55_vs_D0,OG0000062,Aequorivita,1,False,False,True,False,,,down,
D55_vs_D0,OG0000065,Sphingopyxis,1,False,False,False,True,,,,down
D55_vs_D0,OG0000066,Halomonas;Sphingopyxis,2,True,False,False,True,up,,,down
D55_vs_D0,OG0000068,Halomonas,1,True,False,False,False,up,,,
D55_vs_D0,OG0000069,Halomonas;Aequorivita,2,True,False,True,False,down,,up,
D55_vs_D0,OG0000070,Halomonas;Sphingopyxis,2,True,False,False,True,down,,,down
D55_vs_D0,OG0000072,Halomonas;Psychrobacter;Aequorivita;Sphingopyxis,4,True,True,True,True,up,down,down,up
D55_vs_D0,OG0000079,Sphingopyxis,1,False,False,False,True,,,,up
D55_vs_D0,OG0000080,Sphingopyxis,1,False,False,False,True,,,,down
D55_vs_D0,OG0000086,Halomonas;Sphingopyxis,2,True,False,False,True,up,,,up
D55_vs_D0,OG0000087,Halomonas;Sphingopyxis,2,True,False,False,True,down,,,down
D55_vs_D0,OG0000089,Halomonas,1,True,False,False,False,up,,,
D55_vs_D0,OG0000090,Aequorivita,1,False,False,True,False,,,down,
D55_vs_D0,OG0000091,Sphingopyxis,1,False,False,False,True,,,,down
D55_vs_D0,OG0000092,Sphingopyxis,1,False,False,False,True,,,,down
D55_vs_D0,OG0000095,Sphingopyxis,1,False,False,False,True,,,,up
D55_vs_D0,OG0000096,Halomonas;Sphingopyxis,2,True,False,False,True,up,,,up
D55_vs_D0,OG0000100,Halomonas,1,True,False,False,False,up,,,
D55_vs_D0,OG0000101,Halomonas,1,True,False,False,False,up,,,
D55_vs_D0,OG0000102,Sphingopyxis,1,False,False,False,True,,,,down
D55_vs_D0,OG0000103,Halomonas;Sphingopyxis,2,True,False,False,True,up,,,down
D55_vs_D0,OG0000104,Halomonas,1,True,False,False,False,up,,,
D55_vs_D0,OG0000105,Halomonas;Psychrobacter;Sphingopyxis,3,True,True,False,True,down,up,,up
D55_vs_D0,OG0000106,Sphingopyxis,1,False,False,False,True,,,,down
D55_vs_D0,OG0000108,Sphingopyxis,1,False,False,False,True,,,,down
D55_vs_D0,OG0000109,Sphingopyxis,1,False,False,False,True,,,,up
D55_vs_D0,OG0000110,Halomonas,1,True,False,False,False,down,,,
D55_vs_D0,OG0000112,Halomonas;Sphingopyxis,2,True,False,False,True,up,,,down
D55_vs_D0,OG0000114,Psychrobacter;Sphingopyxis,2,False,True,False,True,,up,,up
D55_vs_D0,OG0000115,Sphingopyxis,1,False,False,False,True,,,,down
D55_vs_D0,OG0000116,Aequorivita,1,False,False,True,False,,,down,
D55_vs_D0,OG0000120,Psychrobacter,1,False,True,False,False,,down,,
D55_vs_D0,OG0000128,Psychrobacter,1,False,True,False,False,,up,,
D55_vs_D0,OG0000129,Halomonas;Psychrobacter,2,True,True,False,False,down,down,,
D55_vs_D0,OG0000130,Sphingopyxis,1,False,False,False,True,,,,up
D55_vs_D0,OG0000131,Halomonas;Sphingopyxis,2,True,False,False,True,down,,,up
D55_vs_D0,OG0000132,Sphingopyxis,1,False,False,False,True,,,,down
D55_vs_D0,OG0000133,Sphingopyxis,1,False,False,False,True,,,,up
D55_vs_D0,OG0000134,Sphingopyxis,1,False,False,False,True,,,,up
D55_vs_D0,OG0000135,Sphingopyxis,1,False,False,False,True,,,,up
D55_vs_D0,OG0000136,Sphingopyxis,1,False,False,False,True,,,,up
D55_vs_D0,OG0000137,Sphingopyxis,1,False,False,False,True,,,,up
D55_vs_D0,OG0000138,Sphingopyxis,1,False,False,False,True,,,,up
D55_vs_D0,OG0000139,Aequorivita,1,False,False,True,False,,,down,
D55_vs_D0,OG0000140,Sphingopyxis,1,False,False,False,True,,,,up
D55_vs_D0,OG0000142,Aequorivita,1,False,False,True,False,,,down,
D55_vs_D0,OG0000144,Aequorivita,1,False,False,True,False,,,up,
D55_vs_D0,OG0000147,Sphingopyxis,1,False,False,False,True,,,,up
D55_vs_D0,OG0000148,Halomonas;Psychrobacter;Aequorivita,3,True,True,True,False,up,up,up,
D55_vs_D0,OG0000150,Sphingopyxis,1,False,False,False,True,,,,up
D55_vs_D0,OG0000153,Aequorivita,1,False,False,True,False,,,up,
D55_vs_D0,OG0000154,Halomonas,1,True,False,False,False,up,,,
D55_vs_D0,OG0000156,Psychrobacter;Aequorivita,2,False,True,True,False,,down,down,
D55_vs_D0,OG0000157,Halomonas;Sphingopyxis,2,True,False,False,True,up,,,down
D55_vs_D0,OG0000159,Halomonas,1,True,False,False,False,down,,,
D55_vs_D0,OG0000160,Halomonas,1,True,False,False,False,down,,,
D55_vs_D0,OG0000161,Psychrobacter;Aequorivita,2,False,True,True,False,,up,down,
D55_vs_D0,OG0000166,Sphingopyxis,1,False,False,False,True,,,,up
D55_vs_D0,OG0000167,Halomonas;Psychrobacter,2,True,True,False,False,up,down,,
D55_vs_D0,OG0000168,Aequorivita;Sphingopyxis,2,False,False,True,True,,,down,down
D55_vs_D0,OG0000169,Psychrobacter,1,False,True,False,False,,up,,
D55_vs_D0,OG0000170,Halomonas,1,True,False,False,False,up,,,
D55_vs_D0,OG0000174,Aequorivita;Sphingopyxis,2,False,False,True,True,,,down,down
D55_vs_D0,OG0000175,Aequorivita,1,False,False,True,False,,,up,
D55_vs_D0,OG0000177,Halomonas;Aequorivita;Sphingopyxis,3,True,False,True,True,up,,down,up
D55_vs_D0,OG0000178,Aequorivita,1,False,False,True,False,,,up,
D55_vs_D0,OG0000180,Halomonas,1,True,False,False,False,down,,,
D55_vs_D0,OG0000181,Halomonas;Sphingopyxis,2,True,False,False,True,down,,,down
D55_vs_D0,OG0000185,Halomonas,1,True,False,False,False,down,,,
D55_vs_D0,OG0000187,Halomonas,1,True,False,False,False,up,,,
D55_vs_D0,OG0000188,Sphingopyxis,1,False,False,False,True,,,,up
D55_vs_D0,OG0000189,Sphingopyxis,1,False,False,False,True,,,,down
D55_vs_D0,OG0000191,Sphingopyxis,1,False,False,False,True,,,,up
D55_vs_D0,OG0000193,Sphingopyxis,1,False,False,False,True,,,,up
D55_vs_D0,OG0000194,Sphingopyxis,1,False,False,False,True,,,,up
D55_vs_D0,OG0000196,Sphingopyxis,1,False,False,False,True,,,,up
D55_vs_D0,OG0000197,Sphingopyxis,1,False,False,False,True,,,,up
D55_vs_D0,OG0000198,Sphingopyxis,1,False,False,False,True,,,,up
D55_vs_D0,OG0000199,Sphingopyxis,1,False,False,False,True,,,,up
D55_vs_D0,OG0000201,Psychrobacter,1,False,True,False,False,,down,,
D55_vs_D0,OG0000203,Sphingopyxis,1,False,False,False,True,,,,down
D55_vs_D0,OG0000207,Halomonas;Aequorivita,2,True,False,True,False,up,,down,
D55_vs_D0,OG0000209,Sphingopyxis,1,False,False,False,True,,,,down
D55_vs_D0,OG0000211,Halomonas,1,True,False,False,False,up,,,
D55_vs_D0,OG0000212,Halomonas,1,True,False,False,False,down,,,
D55_vs_D0,OG0000213,Psychrobacter,1,False,True,False,False,,up,,
D55_vs_D0,OG0000217,Sphingopyxis,1,False,False,False,True,,,,down
D55_vs_D0,OG0000220,Halomonas;Psychrobacter;Aequorivita;Sphingopyxis,4,True,True,True,True,up,down,down,up
D55_vs_D0,OG0000223,Halomonas,1,True,False,False,False,up,,,
D55_vs_D0,OG0000224,Aequorivita,1,False,False,True,False,,,up,
D55_vs_D0,OG0000225,Sphingopyxis,1,False,False,False,True,,,,down
D55_vs_D0,OG0000227,Halomonas;Aequorivita,2,True,False,True,False,up,,down,
D55_vs_D0,OG0000228,Halomonas;Psychrobacter;Aequorivita,3,True,True,True,False,up,down,down,
D55_vs_D0,OG0000229,Sphingopyxis,1,False,False,False,True,,,,down
D55_vs_D0,OG0000233,Sphingopyxis,1,False,False,False,True,,,,up
D55_vs_D0,OG0000234,Sphingopyxis,1,False,False,False,True,,,,down
D55_vs_D0,OG0000235,Halomonas,1,True,False,False,False,up,,,
D55_vs_D0,OG0000239,Halomonas,1,True,False,False,False,up,,,
D55_vs_D0,OG0000240,Psychrobacter,1,False,True,False,False,,down,,
D55_vs_D0,OG0000241,Halomonas;Aequorivita;Sphingopyxis,3,True,False,True,True,up,,down,down
D55_vs_D0,OG0000242,Halomonas;Aequorivita,2,True,False,True,False,up,,down,
D55_vs_D0,OG0000244,Aequorivita,1,False,False,True,False,,,down,
D55_vs_D0,OG0000248,Psychrobacter,1,False,True,False,False,,up,,
D55_vs_D0,OG0000250,Sphingopyxis,1,False,False,False,True,,,,down
D55_vs_D0,OG0000251,Halomonas;Psychrobacter;Aequorivita,3,True,True,True,False,up,up,up,
D55_vs_D0,OG0000253,Halomonas,1,True,False,False,False,up,,,
D55_vs_D0,OG0000254,Aequorivita;Sphingopyxis,2,False,False,True,True,,,up,up
D55_vs_D0,OG0000257,Aequorivita,1,False,False,True,False,,,down,
D55_vs_D0,OG0000258,Psychrobacter,1,False,True,False,False,,up,,
D55_vs_D0,OG0000259,Aequorivita;Sphingopyxis,2,False,False,True,True,,,down,down
D55_vs_D0,OG0000261,Sphingopyxis,1,False,False,False,True,,,,up
D55_vs_D0,OG0000267,Halomonas,1,True,False,False,False,up,,,
D55_vs_D0,OG0000268,Sphingopyxis,1,False,False,False,True,,,,up
D55_vs_D0,OG0000270,Sphingopyxis,1,False,False,False,True,,,,down
D55_vs_D0,OG0000273,Sphingopyxis,1,False,False,False,True,,,,up
D55_vs_D0,OG0000274,Psychrobacter,1,False,True,False,False,,down,,
D55_vs_D0,OG0000279,Sphingopyxis,1,False,False,False,True,,,,down
D55_vs_D0,OG0000280,Sphingopyxis,1,False,False,False,True,,,,down
D55_vs_D0,OG0000281,Sphingopyxis,1,False,False,False,True,,,,down
D55_vs_D0,OG0000282,Psychrobacter,1,False,True,False,False,,down,,
D55_vs_D0,OG0000288,Sphingopyxis,1,False,False,False,True,,,,up
D55_vs_D0,OG0000289,Sphingopyxis,1,False,False,False,True,,,,up
D55_vs_D0,OG0000290,Sphingopyxis,1,False,False,False,True,,,,up
D55_vs_D0,OG0000291,Sphingopyxis,1,False,False,False,True,,,,up
D55_vs_D0,OG0000292,Halomonas,1,True,False,False,False,up,,,
D55_vs_D0,OG0000298,Halomonas,1,True,False,False,False,up,,,
D55_vs_D0,OG0000300,Halomonas,1,True,False,False,False,up,,,
D55_vs_D0,OG0000301,Psychrobacter;Sphingopyxis,2,False,True,False,True,,up,,down
D55_vs_D0,OG0000302,Sphingopyxis,1,False,False,False,True,,,,down
D55_vs_D0,OG0000306,Psychrobacter,1,False,True,False,False,,up,,
D55_vs_D0,OG0000308,Aequorivita,1,False,False,True,False,,,down,
D55_vs_D0,OG0000309,Halomonas,1,True,False,False,False,down,,,
D55_vs_D0,OG0000314,Aequorivita,1,False,False,True,False,,,up,
D55_vs_D0,OG0000315,Aequorivita;Sphingopyxis,2,False,False,True,True,,,up,up
D55_vs_D0,OG0000317,Halomonas;Sphingopyxis,2,True,False,False,True,up,,,up
D55_vs_D0,OG0000318,Halomonas;Psychrobacter;Sphingopyxis,3,True,True,False,True,up,up,,up
D55_vs_D0,OG0000320,Halomonas;Sphingopyxis,2,True,False,False,True,down,,,down
D55_vs_D0,OG0000321,Halomonas;Psychrobacter,2,True,True,False,False,up,up,,
D55_vs_D0,OG0000322,Sphingopyxis,1,False,False,False,True,,,,up
D55_vs_D0,OG0000323,Aequorivita;Sphingopyxis,2,False,False,True,True,,,down,up
D55_vs_D0,OG0000327,Aequorivita,1,False,False,True,False,,,down,
D55_vs_D0,OG0000328,Aequorivita,1,False,False,True,False,,,up,
D55_vs_D0,OG0000329,Halomonas;Aequorivita,2,True,False,True,False,up,,down,
D55_vs_D0,OG0000330,Halomonas;Sphingopyxis,2,True,False,False,True,down,,,up
D55_vs_D0,OG0000332,Psychrobacter,1,False,True,False,False,,up,,
D55_vs_D0,OG0000333,Sphingopyxis,1,False,False,False,True,,,,up
D55_vs_D0,OG0000334,Sphingopyxis,1,False,False,False,True,,,,down
D55_vs_D0,OG0000335,Aequorivita;Sphingopyxis,2,False,False,True,True,,,down,up
D55_vs_D0,OG0000336,Aequorivita,1,False,False,True,False,,,down,
D55_vs_D0,OG0000337,Aequorivita,1,False,False,True,False,,,down,
D55_vs_D0,OG0000338,Halomonas;Aequorivita;Sphingopyxis,3,True,False,True,True,up,,down,down
D55_vs_D0,OG0000340,Aequorivita,1,False,False,True,False,,,down,
D55_vs_D0,OG0000341,Halomonas;Aequorivita;Sphingopyxis,3,True,False,True,True,up,,down,down
D55_vs_D0,OG0000342,Halomonas,1,True,False,False,False,up,,,
D55_vs_D0,OG0000344,Aequorivita,1,False,False,True,False,,,up,
D55_vs_D0,OG0000347,Sphingopyxis,1,False,False,False,True,,,,down
D55_vs_D0,OG0000348,Halomonas;Sphingopyxis,2,True,False,False,True,up,,,up
D55_vs_D0,OG0000349,Psychrobacter;Aequorivita,2,False,True,True,False,,down,down,
D55_vs_D0,OG0000350,Sphingopyxis,1,False,False,False,True,,,,down
D55_vs_D0,OG0000352,Halomonas;Psychrobacter,2,True,True,False,False,up,up,,
D55_vs_D0,OG0000353,Sphingopyxis,1,False,False,False,True,,,,up
D55_vs_D0,OG0000354,Aequorivita,1,False,False,True,False,,,down,
D55_vs_D0,OG0000355,Sphingopyxis,1,False,False,False,True,,,,up
D55_vs_D0,OG0000358,Aequorivita;Sphingopyxis,2,False,False,True,True,,,down,up
D55_vs_D0,OG0000359,Halomonas,1,True,False,False,False,up,,,
D55_vs_D0,OG0000362,Halomonas,1,True,False,False,False,up,,,
D55_vs_D0,OG0000365,Halomonas;Psychrobacter;Aequorivita,3,True,True,True,False,up,down,down,
D55_vs_D0,OG0000366,Sphingopyxis,1,False,False,False,True,,,,up
D55_vs_D0,OG0000367,Halomonas;Psychrobacter,2,True,True,False,False,up,down,,
D55_vs_D0,OG0000368,Halomonas,1,True,False,False,False,up,,,
D55_vs_D0,OG0000369,Aequorivita,1,False,False,True,False,,,up,
D55_vs_D0,OG0000370,Halomonas;Sphingopyxis,2,True,False,False,True,down,,,down
D55_vs_D0,OG0000371,Halomonas,1,True,False,False,False,down,,,
D55_vs_D0,OG0000372,Psychrobacter,1,False,True,False,False,,up,,
D55_vs_D0,OG0000373,Halomonas;Psychrobacter,2,True,True,False,False,down,up,,
D55_vs_D0,OG0000374,Sphingopyxis,1,False,False,False,True,,,,up
D55_vs_D0,OG0000376,Halomonas,1,True,False,False,False,up,,,
D55_vs_D0,OG0000377,Aequorivita;Sphingopyxis,2,False,False,True,True,,,down,down
D55_vs_D0,OG0000378,Psychrobacter,1,False,True,False,False,,down,,
D55_vs_D0,OG0000379,Halomonas;Aequorivita,2,True,False,True,False,down,,down,
D55_vs_D0,OG0000381,Psychrobacter,1,False,True,False,False,,up,,
D55_vs_D0,OG0000382,Psychrobacter,1,False,True,False,False,,up,,
D55_vs_D0,OG0000383,Sphingopyxis,1,False,False,False,True,,,,up
D55_vs_D0,OG0000384,Halomonas;Psychrobacter,2,True,True,False,False,up,up,,
D55_vs_D0,OG0000385,Psychrobacter,1,False,True,False,False,,down,,
D55_vs_D0,OG0000387,Halomonas;Psychrobacter,2,True,True,False,False,up,up,,
D55_vs_D0,OG0000390,Sphingopyxis,1,False,False,False,True,,,,up
D55_vs_D0,OG0000391,Halomonas,1,True,False,False,False,up,,,
D55_vs_D0,OG0000392,Halomonas;Psychrobacter;Aequorivita;Sphingopyxis,4,True,True,True,True,up,down,down,down
D55_vs_D0,OG0000397,Halomonas;Aequorivita;Sphingopyxis,3,True,False,True,True,down,,down,down
D55_vs_D0,OG0000399,Sphingopyxis,1,False,False,False,True,,,,up
D55_vs_D0,OG0000400,Sphingopyxis,1,False,False,False,True,,,,down
D55_vs_D0,OG0000401,Halomonas;Sphingopyxis,2,True,False,False,True,down,,,down
D55_vs_D0,OG0000402,Aequorivita,1,False,False,True,False,,,up,
D55_vs_D0,OG0000403,Halomonas;Psychrobacter;Aequorivita;Sphingopyxis,4,True,True,True,True,up,down,down,down
D55_vs_D0,OG0000404,Halomonas;Aequorivita,2,True,False,True,False,up,,down,
D55_vs_D0,OG0000405,Halomonas,1,True,False,False,False,down,,,
D55_vs_D0,OG0000407,Halomonas;Aequorivita,2,True,False,True,False,up,,up,
D55_vs_D0,OG0000408,Psychrobacter,1,False,True,False,False,,up,,
D55_vs_D0,OG0000409,Halomonas,1,True,False,False,False,up,,,
D55_vs_D0,OG0000412,Halomonas;Sphingopyxis,2,True,False,False,True,up,,,up
D55_vs_D0,OG0000415,Sphingopyxis,1,False,False,False,True,,,,up
D55_vs_D0,OG0000416,Aequorivita,1,False,False,True,False,,,up,
D55_vs_D0,OG0000421,Halomonas;Aequorivita,2,True,False,True,False,down,,up,
D55_vs_D0,OG0000422,Aequorivita,1,False,False,True,False,,,up,
D55_vs_D0,OG0000423,Halomonas,1,True,False,False,False,down,,,
D55_vs_D0,OG0000424,Sphingopyxis,1,False,False,False,True,,,,up
D55_vs_D0,OG0000425,Aequorivita,1,False,False,True,False,,,down,
D55_vs_D0,OG0000426,Halomonas,1,True,False,False,False,up,,,
D55_vs_D0,OG0000428,Sphingopyxis,1,False,False,False,True,,,,up
D55_vs_D0,OG0000429,Sphingopyxis,1,False,False,False,True,,,,up
D55_vs_D0,OG0000431,Psychrobacter;Sphingopyxis,2,False,True,False,True,,up,,down
D55_vs_D0,OG0000432,Sphingopyxis,1,False,False,False,True,,,,down
D55_vs_D0,OG0000433,Sphingopyxis,1,False,False,False,True,,,,down
D55_vs_D0,OG0000434,Halomonas,1,True,False,False,False,down,,,
D55_vs_D0,OG0000436,Sphingopyxis,1,False,False,False,True,,,,down
D55_vs_D0,OG0000439,Halomonas;Sphingopyxis,2,True,False,False,True,down,,,up
D55_vs_D0,OG0000444,Sphingopyxis,1,False,False,False,True,,,,down
D55_vs_D0,OG0000445,Halomonas,1,True,False,False,False,down,,,
D55_vs_D0,OG0000450,Halomonas;Psychrobacter,2,True,True,False,False,up,down,,
D55_vs_D0,OG0000452,Halomonas,1,True,False,False,False,down,,,
D55_vs_D0,OG0000453,Psychrobacter;Sphingopyxis,2,False,True,False,True,,up,,down
D55_vs_D0,OG0000457,Halomonas,1,True,False,False,False,down,,,
D55_vs_D0,OG0000458,Halomonas,1,True,False,False,False,up,,,
D55_vs_D0,OG0000460,Halomonas,1,True,False,False,False,up,,,
D55_vs_D0,OG0000462,Sphingopyxis,1,False,False,False,True,,,,down
D55_vs_D0,OG0000464,Psychrobacter,1,False,True,False,False,,up,,
D55_vs_D0,OG0000468,Sphingopyxis,1,False,False,False,True,,,,up
D55_vs_D0,OG0000469,Sphingopyxis,1,False,False,False,True,,,,up
D55_vs_D0,OG0000471,Sphingopyxis,1,False,False,False,True,,,,up
D55_vs_D0,OG0000473,Sphingopyxis,1,False,False,False,True,,,,up
D55_vs_D0,OG0000475,Sphingopyxis,1,False,False,False,True,,,,up
D55_vs_D0,OG0000477,Halomonas;Sphingopyxis,2,True,False,False,True,up,,,up
D55_vs_D0,OG0000479,Halomonas;Sphingopyxis,2,True,False,False,True,up,,,down
D55_vs_D0,OG0000481,Aequorivita,1,False,False,True,False,,,down,
D55_vs_D0,OG0000482,Sphingopyxis,1,False,False,False,True,,,,down
D55_vs_D0,OG0000483,Sphingopyxis,1,False,False,False,True,,,,down
D55_vs_D0,OG0000484,Halomonas,1,True,False,False,False,up,,,
D55_vs_D0,OG0000486,Halomonas,1,True,False,False,False,down,,,
D55_vs_D0,OG0000487,Halomonas;Sphingopyxis,2,True,False,False,True,up,,,down
D55_vs_D0,OG0000491,Halomonas;Sphingopyxis,2,True,False,False,True,up,,,up
D55_vs_D0,OG0000492,Sphingopyxis,1,False,False,False,True,,,,up
D55_vs_D0,OG0000493,Halomonas,1,True,False,False,False,up,,,
D55_vs_D0,OG0000494,Halomonas,1,True,False,False,False,down,,,
D55_vs_D0,OG0000495,Aequorivita;Sphingopyxis,2,False,False,True,True,,,down,up
D55_vs_D0,OG0000498,Halomonas;Psychrobacter,2,True,True,False,False,down,up,,
D55_vs_D0,OG0000499,Sphingopyxis,1,False,False,False,True,,,,down
D55_vs_D0,OG0000502,Sphingopyxis,1,False,False,False,True,,,,down
D55_vs_D0,OG0000506,Halomonas;Sphingopyxis,2,True,False,False,True,down,,,up
D55_vs_D0,OG0000507,Sphingopyxis,1,False,False,False,True,,,,up
D55_vs_D0,OG0000508,Sphingopyxis,1,False,False,False,True,,,,down
D55_vs_D0,OG0000509,Aequorivita,1,False,False,True,False,,,up,
D55_vs_D0,OG0000510,Aequorivita,1,False,False,True,False,,,down,
D55_vs_D0,OG0000515,Halomonas;Sphingopyxis,2,True,False,False,True,down,,,down
D55_vs_D0,OG0000517,Aequorivita,1,False,False,True,False,,,up,
D55_vs_D0,OG0000518,Halomonas;Aequorivita,2,True,False,True,False,up,,up,
D55_vs_D0,OG0000519,Psychrobacter,1,False,True,False,False,,up,,
D55_vs_D0,OG0000520,Aequorivita,1,False,False,True,False,,,up,
D55_vs_D0,OG0000521,Halomonas;Sphingopyxis,2,True,False,False,True,up,,,up
D55_vs_D0,OG0000522,Halomonas;Sphingopyxis,2,True,False,False,True,down,,,up
D55_vs_D0,OG0000523,Aequorivita,1,False,False,True,False,,,up,
D55_vs_D0,OG0000525,Sphingopyxis,1,False,False,False,True,,,,down
D55_vs_D0,OG0000526,Aequorivita;Sphingopyxis,2,False,False,True,True,,,up,down
D55_vs_D0,OG0000527,Psychrobacter,1,False,True,False,False,,up,,
D55_vs_D0,OG0000528,Halomonas,1,True,False,False,False,up,,,
D55_vs_D0,OG0000529,Sphingopyxis,1,False,False,False,True,,,,up
D55_vs_D0,OG0000530,Halomonas;Sphingopyxis,2,True,False,False,True,down,,,up
D55_vs_D0,OG0000534,Aequorivita;Sphingopyxis,2,False,False,True,True,,,up,up
D55_vs_D0,OG0000535,Halomonas;Psychrobacter,2,True,True,False,False,up,down,,
D55_vs_D0,OG0000536,Halomonas,1,True,False,False,False,down,,,
D55_vs_D0,OG0000537,Halomonas;Aequorivita;Sphingopyxis,3,True,False,True,True,up,,down,down
D55_vs_D0,OG0000538,Psychrobacter,1,False,True,False,False,,up,,
D55_vs_D0,OG0000539,Halomonas;Sphingopyxis,2,True,False,False,True,up,,,down
D55_vs_D0,OG0000540,Halomonas;Psychrobacter;Aequorivita;Sphingopyxis,4,True,True,True,True,up,up,up,up
D55_vs_D0,OG0000543,Aequorivita,1,False,False,True,False,,,up,
D55_vs_D0,OG0000544,Sphingopyxis,1,False,False,False,True,,,,up
D55_vs_D0,OG0000545,Sphingopyxis,1,False,False,False,True,,,,down
D55_vs_D0,OG0000547,Sphingopyxis,1,False,False,False,True,,,,down
D55_vs_D0,OG0000550,Halomonas;Aequorivita,2,True,False,True,False,up,,down,
D55_vs_D0,OG0000552,Sphingopyxis,1,False,False,False,True,,,,up
D55_vs_D0,OG0000553,Psychrobacter,1,False,True,False,False,,up,,
D55_vs_D0,OG0000556,Aequorivita,1,False,False,True,False,,,up,
D55_vs_D0,OG0000557,Sphingopyxis,1,False,False,False,True,,,,down
D55_vs_D0,OG0000558,Aequorivita;Sphingopyxis,2,False,False,True,True,,,down,down
D55_vs_D0,OG0000559,Aequorivita;Sphingopyxis,2,False,False,True,True,,,down,down
D55_vs_D0,OG0000560,Psychrobacter;Aequorivita,2,False,True,True,False,,down,down,
D55_vs_D0,OG0000561,Psychrobacter;Aequorivita,2,False,True,True,False,,down,down,
D55_vs_D0,OG0000562,Halomonas,1,True,False,False,False,down,,,
D55_vs_D0,OG0000563,Halomonas,1,True,False,False,False,down,,,
D55_vs_D0,OG0000565,Halomonas,1,True,False,False,False,up,,,
D55_vs_D0,OG0000567,Sphingopyxis,1,False,False,False,True,,,,up
D55_vs_D0,OG0000569,Psychrobacter;Sphingopyxis,2,False,True,False,True,,up,,down
D55_vs_D0,OG0000570,Aequorivita,1,False,False,True,False,,,down,
D55_vs_D0,OG0000571,Sphingopyxis,1,False,False,False,True,,,,down
D55_vs_D0,OG0000574,Psychrobacter;Sphingopyxis,2,False,True,False,True,,up,,up
D55_vs_D0,OG0000578,Psychrobacter,1,False,True,False,False,,down,,
D55_vs_D0,OG0000581,Aequorivita,1,False,False,True,False,,,down,
D55_vs_D0,OG0000582,Halomonas;Aequorivita,2,True,False,True,False,up,,down,
D55_vs_D0,OG0000583,Halomonas,1,True,False,False,False,up,,,
D55_vs_D0,OG0000587,Sphingopyxis,1,False,False,False,True,,,,up
D55_vs_D0,OG0000589,Sphingopyxis,1,False,False,False,True,,,,up
D55_vs_D0,OG0000590,Sphingopyxis,1,False,False,False,True,,,,up
D55_vs_D0,OG0000591,Aequorivita,1,False,False,True,False,,,up,
D55_vs_D0,OG0000592,Halomonas;Aequorivita,2,True,False,True,False,up,,down,
D55_vs_D0,OG0000597,Halomonas;Aequorivita,2,True,False,True,False,up,,up,
D55_vs_D0,OG0000598,Sphingopyxis,1,False,False,False,True,,,,up
D55_vs_D0,OG0000599,Halomonas,1,True,False,False,False,up,,,
D55_vs_D0,OG0000601,Sphingopyxis,1,False,False,False,True,,,,up
D55_vs_D0,OG0000603,Halomonas;Psychrobacter,2,True,True,False,False,up,down,,
D55_vs_D0,OG0000604,Aequorivita;Sphingopyxis,2,False,False,True,True,,,up,up
D55_vs_D0,OG0000605,Halomonas;Sphingopyxis,2,True,False,False,True,up,,,up
D55_vs_D0,OG0000608,Halomonas;Sphingopyxis,2,True,False,False,True,up,,,up
D55_vs_D0,OG0000610,Psychrobacter,1,False,True,False,False,,up,,
D55_vs_D0,OG0000611,Sphingopyxis,1,False,False,False,True,,,,up
D55_vs_D0,OG0000612,Aequorivita;Sphingopyxis,2,False,False,True,True,,,up,up
D55_vs_D0,OG0000613,Aequorivita;Sphingopyxis,2,False,False,True,True,,,up,up
D55_vs_D0,OG0000614,Psychrobacter,1,False,True,False,False,,up,,
D55_vs_D0,OG0000615,Aequorivita;Sphingopyxis,2,False,False,True,True,,,down,down
D55_vs_D0,OG0000616,Sphingopyxis,1,False,False,False,True,,,,up
D55_vs_D0,OG0000621,Halomonas,1,True,False,False,False,up,,,
D55_vs_D0,OG0000622,Sphingopyxis,1,False,False,False,True,,,,up
D55_vs_D0,OG0000623,Sphingopyxis,1,False,False,False,True,,,,down
D55_vs_D0,OG0000624,Halomonas;Sphingopyxis,2,True,False,False,True,up,,,up
D55_vs_D0,OG0000625,Aequorivita,1,False,False,True,False,,,down,
D55_vs_D0,OG0000626,Halomonas,1,True,False,False,False,down,,,
D55_vs_D0,OG0000627,Sphingopyxis,1,False,False,False,True,,,,up
D55_vs_D0,OG0000629,Sphingopyxis,1,False,False,False,True,,,,up
D55_vs_D0,OG0000632,Halomonas;Aequorivita,2,True,False,True,False,up,,up,
D55_vs_D0,OG0000635,Halomonas;Aequorivita,2,True,False,True,False,down,,down,
D55_vs_D0,OG0000637,Sphingopyxis,1,False,False,False,True,,,,up
D55_vs_D0,OG0000641,Sphingopyxis,1,False,False,False,True,,,,up
D55_vs_D0,OG0000642,Sphingopyxis,1,False,False,False,True,,,,up
D55_vs_D0,OG0000643,Psychrobacter,1,False,True,False,False,,up,,
D55_vs_D0,OG0000644,Halomonas;Psychrobacter;Aequorivita,3,True,True,True,False,up,down,down,
D55_vs_D0,OG0000645,Halomonas,1,True,False,False,False,up,,,
D55_vs_D0,OG0000647,Psychrobacter;Sphingopyxis,2,False,True,False,True,,up,,down
D55_vs_D0,OG0000648,Sphingopyxis,1,False,False,False,True,,,,up
D55_vs_D0,OG0000651,Aequorivita,1,False,False,True,False,,,up,
D55_vs_D0,OG0000654,Psychrobacter,1,False,True,False,False,,up,,
D55_vs_D0,OG0000655,Halomonas,1,True,False,False,False,up,,,
D55_vs_D0,OG0000657,Halomonas,1,True,False,False,False,up,,,
D55_vs_D0,OG0000661,Sphingopyxis,1,False,False,False,True,,,,up
D55_vs_D0,OG0000662,Sphingopyxis,1,False,False,False,True,,,,up
D55_vs_D0,OG0000663,Halomonas;Psychrobacter;Sphingopyxis,3,True,True,False,True,up,up,,up
D55_vs_D0,OG0000665,Sphingopyxis,1,False,False,False,True,,,,up
D55_vs_D0,OG0000666,Sphingopyxis,1,False,False,False,True,,,,up
D55_vs_D0,OG0000670,Aequorivita,1,False,False,True,False,,,down,
D55_vs_D0,OG0000674,Psychrobacter,1,False,True,False,False,,up,,
D55_vs_D0,OG0000675,Aequorivita,1,False,False,True,False,,,up,
D55_vs_D0,OG0000676,Psychrobacter,1,False,True,False,False,,up,,
D55_vs_D0,OG0000679,Halomonas,1,True,False,False,False,up,,,
D55_vs_D0,OG0000681,Sphingopyxis,1,False,False,False,True,,,,up
D55_vs_D0,OG0000685,Halomonas;Aequorivita;Sphingopyxis,3,True,False,True,True,down,,up,up
D55_vs_D0,OG0000686,Halomonas;Aequorivita;Sphingopyxis,3,True,False,True,True,down,,up,up
D55_vs_D0,OG0000687,Aequorivita;Sphingopyxis,2,False,False,True,True,,,up,up
D55_vs_D0,OG0000688,Aequorivita;Sphingopyxis,2,False,False,True,True,,,up,up
D55_vs_D0,OG0000693,Halomonas,1,True,False,False,False,down,,,
D55_vs_D0,OG0000694,Halomonas;Sphingopyxis,2,True,False,False,True,up,,,down
D55_vs_D0,OG0000696,Halomonas,1,True,False,False,False,up,,,
D55_vs_D0,OG0000699,Sphingopyxis,1,False,False,False,True,,,,up
D55_vs_D0,OG0000700,Aequorivita;Sphingopyxis,2,False,False,True,True,,,up,up
D55_vs_D0,OG0000702,Sphingopyxis,1,False,False,False,True,,,,up
D55_vs_D0,OG0000704,Psychrobacter;Sphingopyxis,2,False,True,False,True,,up,,up
D55_vs_D0,OG0000706,Sphingopyxis,1,False,False,False,True,,,,up
D55_vs_D0,OG0000708,Halomonas;Psychrobacter;Sphingopyxis,3,True,True,False,True,up,up,,down
D55_vs_D0,OG0000709,Halomonas;Psychrobacter;Sphingopyxis,3,True,True,False,True,up,up,,down
D55_vs_D0,OG0000710,Aequorivita,1,False,False,True,False,,,down,
D55_vs_D0,OG0000713,Sphingopyxis,1,False,False,False,True,,,,up
D55_vs_D0,OG0000716,Halomonas;Aequorivita;Sphingopyxis,3,True,False,True,True,up,,down,up
D55_vs_D0,OG0000718,Halomonas;Aequorivita,2,True,False,True,False,down,,down,
D55_vs_D0,OG0000719,Sphingopyxis,1,False,False,False,True,,,,down
D55_vs_D0,OG0000720,Sphingopyxis,1,False,False,False,True,,,,up
D55_vs_D0,OG0000721,Psychrobacter,1,False,True,False,False,,up,,
D55_vs_D0,OG0000722,Psychrobacter,1,False,True,False,False,,up,,
D55_vs_D0,OG0000723,Halomonas;Sphingopyxis,2,True,False,False,True,down,,,up
D55_vs_D0,OG0000724,Halomonas;Sphingopyxis,2,True,False,False,True,down,,,up
D55_vs_D0,OG0000728,Sphingopyxis,1,False,False,False,True,,,,up
D55_vs_D0,OG0000731,Sphingopyxis,1,False,False,False,True,,,,up
D55_vs_D0,OG0000733,Halomonas;Sphingopyxis,2,True,False,False,True,up,,,up
D55_vs_D0,OG0000735,Halomonas,1,True,False,False,False,down,,,
D55_vs_D0,OG0000736,Sphingopyxis,1,False,False,False,True,,,,up
D55_vs_D0,OG0000739,Sphingopyxis,1,False,False,False,True,,,,up
D55_vs_D0,OG0000741,Psychrobacter,1,False,True,False,False,,up,,
D55_vs_D0,OG0000744,Aequorivita,1,False,False,True,False,,,down,
D55_vs_D0,OG0000745,Halomonas;Sphingopyxis,2,True,False,False,True,up,,,up
D55_vs_D0,OG0000746,Halomonas,1,True,False,False,False,up,,,
D55_vs_D0,OG0000748,Sphingopyxis,1,False,False,False,True,,,,up
D55_vs_D0,OG0000750,Sphingopyxis,1,False,False,False,True,,,,up
D55_vs_D0,OG0000751,Halomonas;Sphingopyxis,2,True,False,False,True,down,,,down
D55_vs_D0,OG0000752,Psychrobacter;Sphingopyxis,2,False,True,False,True,,down,,down
D55_vs_D0,OG0000753,Psychrobacter,1,False,True,False,False,,down,,
D55_vs_D0,OG0000755,Halomonas,1,True,False,False,False,down,,,
D55_vs_D0,OG0000756,Aequorivita,1,False,False,True,False,,,down,
D55_vs_D0,OG0000757,Sphingopyxis,1,False,False,False,True,,,,up
D55_vs_D0,OG0000758,Halomonas;Aequorivita;Sphingopyxis,3,True,False,True,True,up,,up,up
D55_vs_D0,OG0000759,Halomonas;Aequorivita;Sphingopyxis,3,True,False,True,True,up,,up,up
D55_vs_D0,OG0000760,Halomonas;Aequorivita;Sphingopyxis,3,True,False,True,True,up,,up,up
D55_vs_D0,OG0000761,Sphingopyxis,1,False,False,False,True,,,,up
D55_vs_D0,OG0000762,Sphingopyxis,1,False,False,False,True,,,,up
D55_vs_D0,OG0000763,Aequorivita,1,False,False,True,False,,,up,
D55_vs_D0,OG0000764,Psychrobacter;Aequorivita,2,False,True,True,False,,up,up,
D55_vs_D0,OG0000765,Aequorivita;Sphingopyxis,2,False,False,True,True,,,up,up
D55_vs_D0,OG0000766,Aequorivita,1,False,False,True,False,,,up,
D55_vs_D0,OG0000767,Halomonas,1,True,False,False,False,up,,,
D55_vs_D0,OG0000768,Aequorivita,1,False,False,True,False,,,up,
D55_vs_D0,OG0000769,Sphingopyxis,1,False,False,False,True,,,,up
D55_vs_D0,OG0000770,Psychrobacter;Aequorivita;Sphingopyxis,3,False,True,True,True,,up,up,up
D55_vs_D0,OG0000771,Psychrobacter;Sphingopyxis,2,False,True,False,True,,up,,up
D55_vs_D0,OG0000772,Sphingopyxis,1,False,False,False,True,,,,up
D55_vs_D0,OG0000773,Halomonas;Sphingopyxis,2,True,False,False,True,up,,,up
D55_vs_D0,OG0000774,Sphingopyxis,1,False,False,False,True,,,,up
D55_vs_D0,OG0000775,Psychrobacter;Sphingopyxis,2,False,True,False,True,,up,,up
D55_vs_D0,OG0000776,Psychrobacter;Sphingopyxis,2,False,True,False,True,,up,,up
D55_vs_D0,OG0000777,Psychrobacter;Sphingopyxis,2,False,True,False,True,,up,,up
D55_vs_D0,OG0000778,Psychrobacter;Sphingopyxis,2,False,True,False,True,,up,,up
D55_vs_D0,OG0000779,Psychrobacter;Aequorivita;Sphingopyxis,3,False,True,True,True,,up,up,up
D55_vs_D0,OG0000780,Sphingopyxis,1,False,False,False,True,,,,up
D55_vs_D0,OG0000781,Aequorivita;Sphingopyxis,2,False,False,True,True,,,up,up
D55_vs_D0,OG0000782,Aequorivita;Sphingopyxis,2,False,False,True,True,,,up,up
D55_vs_D0,OG0000783,Aequorivita;Sphingopyxis,2,False,False,True,True,,,up,up
D55_vs_D0,OG0000784,Aequorivita;Sphingopyxis,2,False,False,True,True,,,up,up
D55_vs_D0,OG0000785,Sphingopyxis,1,False,False,False,True,,,,up
D55_vs_D0,OG0000786,Sphingopyxis,1,False,False,False,True,,,,up
D55_vs_D0,OG0000787,Sphingopyxis,1,False,False,False,True,,,,up
D55_vs_D0,OG0000788,Halomonas;Aequorivita,2,True,False,True,False,up,,up,
D55_vs_D0,OG0000789,Aequorivita;Sphingopyxis,2,False,False,True,True,,,up,down
D55_vs_D0,OG0000790,Aequorivita,1,False,False,True,False,,,up,
D55_vs_D0,OG0000792,Psychrobacter;Aequorivita,2,False,True,True,False,,up,up,
D55_vs_D0,OG0000793,Aequorivita;Sphingopyxis,2,False,False,True,True,,,up,up
D55_vs_D0,OG0000795,Halomonas,1,True,False,False,False,up,,,
D55_vs_D0,OG0000796,Halomonas;Sphingopyxis,2,True,False,False,True,up,,,up
D55_vs_D0,OG0000797,Sphingopyxis,1,False,False,False,True,,,,up
D55_vs_D0,OG0000798,Aequorivita,1,False,False,True,False,,,up,
D55_vs_D0,OG0000799,Aequorivita,1,False,False,True,False,,,up,
D55_vs_D0,OG0000800,Halomonas;Aequorivita;Sphingopyxis,3,True,False,True,True,up,,up,down
D55_vs_D0,OG0000801,Aequorivita;Sphingopyxis,2,False,False,True,True,,,up,down
D55_vs_D0,OG0000802,Halomonas;Aequorivita,2,True,False,True,False,up,,down,
D55_vs_D0,OG0000803,Aequorivita;Sphingopyxis,2,False,False,True,True,,,up,down
D55_vs_D0,OG0000804,Sphingopyxis,1,False,False,False,True,,,,up
D55_vs_D0,OG0000805,Halomonas,1,True,False,False,False,up,,,
D55_vs_D0,OG0000806,Psychrobacter,1,False,True,False,False,,up,,
D55_vs_D0,OG0000807,Aequorivita;Sphingopyxis,2,False,False,True,True,,,up,up
D55_vs_D0,OG0000808,Psychrobacter;Aequorivita,2,False,True,True,False,,down,down,
D55_vs_D0,OG0000809,Halomonas;Psychrobacter;Aequorivita;Sphingopyxis,4,True,True,True,True,down,down,down,up
D55_vs_D0,OG0000810,Aequorivita;Sphingopyxis,2,False,False,True,True,,,down,down
D55_vs_D0,OG0000811,Halomonas;Sphingopyxis,2,True,False,False,True,down,,,up
D55_vs_D0,OG0000812,Aequorivita,1,False,False,True,False,,,up,
D55_vs_D0,OG0000816,Halomonas,1,True,False,False,False,up,,,
D55_vs_D0,OG0000817,Halomonas,1,True,False,False,False,down,,,
D55_vs_D0,OG0000820,Halomonas,1,True,False,False,False,up,,,
D55_vs_D0,OG0000824,Aequorivita;Sphingopyxis,2,False,False,True,True,,,up,up
D55_vs_D0,OG0000825,Sphingopyxis,1,False,False,False,True,,,,up
D55_vs_D0,OG0000827,Psychrobacter;Sphingopyxis,2,False,True,False,True,,up,,down
D55_vs_D0,OG0000828,Psychrobacter,1,False,True,False,False,,up,,
D55_vs_D0,OG0000830,Halomonas;Psychrobacter;Aequorivita,3,True,True,True,False,up,up,up,
D55_vs_D0,OG0000831,Halomonas;Psychrobacter;Sphingopyxis,3,True,True,False,True,up,up,,up
D55_vs_D0,OG0000833,Sphingopyxis,1,False,False,False,True,,,,up
D55_vs_D0,OG0000834,Halomonas;Psychrobacter;Aequorivita;Sphingopyxis,4,True,True,True,True,up,down,down,up
D55_vs_D0,OG0000835,Psychrobacter;Sphingopyxis,2,False,True,False,True,,up,,up
D55_vs_D0,OG0000836,Sphingopyxis,1,False,False,False,True,,,,up
D55_vs_D0,OG0000839,Sphingopyxis,1,False,False,False,True,,,,up
D55_vs_D0,OG0000841,Halomonas,1,True,False,False,False,down,,,
D55_vs_D0,OG0000845,Aequorivita;Sphingopyxis,2,False,False,True,True,,,down,up
D55_vs_D0,OG0000846,Aequorivita;Sphingopyxis,2,False,False,True,True,,,up,up
D55_vs_D0,OG0000847,Aequorivita;Sphingopyxis,2,False,False,True,True,,,up,up
D55_vs_D0,OG0000848,Halomonas,1,True,False,False,False,up,,,
D55_vs_D0,OG0000849,Sphingopyxis,1,False,False,False,True,,,,up
D55_vs_D0,OG0000850,Sphingopyxis,1,False,False,False,True,,,,up
D55_vs_D0,OG0000851,Halomonas;Sphingopyxis,2,True,False,False,True,down,,,up
D55_vs_D0,OG0000855,Sphingopyxis,1,False,False,False,True,,,,down
D55_vs_D0,OG0000856,Halomonas,1,True,False,False,False,up,,,
D55_vs_D0,OG0000857,Sphingopyxis,1,False,False,False,True,,,,up
D55_vs_D0,OG0000858,Halomonas,1,True,False,False,False,up,,,
D55_vs_D0,OG0000859,Aequorivita,1,False,False,True,False,,,down,
D55_vs_D0,OG0000860,Psychrobacter;Sphingopyxis,2,False,True,False,True,,up,,down
D55_vs_D0,OG0000861,Sphingopyxis,1,False,False,False,True,,,,up
D55_vs_D0,OG0000862,Sphingopyxis,1,False,False,False,True,,,,up
D55_vs_D0,OG0000864,Psychrobacter;Aequorivita,2,False,True,True,False,,up,up,
D55_vs_D0,OG0000865,Aequorivita;Sphingopyxis,2,False,False,True,True,,,up,up
D55_vs_D0,OG0000866,Psychrobacter;Sphingopyxis,2,False,True,False,True,,up,,up
D55_vs_D0,OG0000867,Psychrobacter;Aequorivita;Sphingopyxis,3,False,True,True,True,,up,up,up
D55_vs_D0,OG0000868,Aequorivita;Sphingopyxis,2,False,False,True,True,,,up,up
D55_vs_D0,OG0000869,Aequorivita;Sphingopyxis,2,False,False,True,True,,,up,up
D55_vs_D0,OG0000870,Sphingopyxis,1,False,False,False,True,,,,up
D55_vs_D0,OG0000872,Sphingopyxis,1,False,False,False,True,,,,up
D55_vs_D0,OG0000873,Sphingopyxis,1,False,False,False,True,,,,up
D55_vs_D0,OG0000874,Halomonas,1,True,False,False,False,down,,,
D55_vs_D0,OG0000876,Sphingopyxis,1,False,False,False,True,,,,down
D55_vs_D0,OG0000878,Sphingopyxis,1,False,False,False,True,,,,down
D55_vs_D0,OG0000880,Halomonas;Psychrobacter,2,True,True,False,False,down,down,,
D55_vs_D0,OG0000881,Halomonas,1,True,False,False,False,down,,,
D55_vs_D0,OG0000882,Sphingopyxis,1,False,False,False,True,,,,up
D55_vs_D0,OG0000885,Psychrobacter;Sphingopyxis,2,False,True,False,True,,up,,up
D55_vs_D0,OG0000887,Aequorivita;Sphingopyxis,2,False,False,True,True,,,up,up
D55_vs_D0,OG0000888,Sphingopyxis,1,False,False,False,True,,,,up
D55_vs_D0,OG0000889,Sphingopyxis,1,False,False,False,True,,,,down
D55_vs_D0,OG0000892,Psychrobacter,1,False,True,False,False,,up,,
D55_vs_D0,OG0000893,Halomonas,1,True,False,False,False,up,,,
D55_vs_D0,OG0000895,Halomonas,1,True,False,False,False,up,,,
D55_vs_D0,OG0000897,Halomonas;Psychrobacter;Sphingopyxis,3,True,True,False,True,up,down,,down
D55_vs_D0,OG0000898,Psychrobacter,1,False,True,False,False,,up,,
D55_vs_D0,OG0000900,Halomonas;Aequorivita,2,True,False,True,False,up,,down,
D55_vs_D0,OG0000902,Sphingopyxis,1,False,False,False,True,,,,up
D55_vs_D0,OG0000904,Halomonas,1,True,False,False,False,up,,,
D55_vs_D0,OG0000907,Halomonas,1,True,False,False,False,down,,,
D55_vs_D0,OG0000908,Halomonas;Sphingopyxis,2,True,False,False,True,down,,,up
D55_vs_D0,OG0000909,Halomonas;Sphingopyxis,2,True,False,False,True,down,,,up
D55_vs_D0,OG0000911,Sphingopyxis,1,False,False,False,True,,,,up
D55_vs_D0,OG0000913,Sphingopyxis,1,False,False,False,True,,,,up
D55_vs_D0,OG0000914,Halomonas;Psychrobacter,2,True,True,False,False,up,up,,
D55_vs_D0,OG0000915,Sphingopyxis,1,False,False,False,True,,,,up
D55_vs_D0,OG0000918,Sphingopyxis,1,False,False,False,True,,,,up
D55_vs_D0,OG0000919,Halomonas,1,True,False,False,False,up,,,
D55_vs_D0,OG0000920,Sphingopyxis,1,False,False,False,True,,,,up
D55_vs_D0,OG0000922,Halomonas,1,True,False,False,False,up,,,
D55_vs_D0,OG0000923,Sphingopyxis,1,False,False,False,True,,,,up
D55_vs_D0,OG0000924,Sphingopyxis,1,False,False,False,True,,,,up
D55_vs_D0,OG0000927,Aequorivita,1,False,False,True,False,,,down,
D55_vs_D0,OG0000928,Aequorivita,1,False,False,True,False,,,down,
D55_vs_D0,OG0000935,Halomonas;Sphingopyxis,2,True,False,False,True,up,,,up
D55_vs_D0,OG0000938,Sphingopyxis,1,False,False,False,True,,,,up
D55_vs_D0,OG0000940,Halomonas;Sphingopyxis,2,True,False,False,True,down,,,down
D55_vs_D0,OG0000941,Sphingopyxis,1,False,False,False,True,,,,down
D55_vs_D0,OG0000942,Halomonas,1,True,False,False,False,up,,,
D55_vs_D0,OG0000943,Halomonas;Sphingopyxis,2,True,False,False,True,up,,,down
D55_vs_D0,OG0000944,Sphingopyxis,1,False,False,False,True,,,,up
D55_vs_D0,OG0000945,Halomonas;Psychrobacter,2,True,True,False,False,up,up,,
D55_vs_D0,OG0000946,Halomonas;Sphingopyxis,2,True,False,False,True,up,,,up
D55_vs_D0,OG0000947,Psychrobacter,1,False,True,False,False,,up,,
D55_vs_D0,OG0000949,Sphingopyxis,1,False,False,False,True,,,,down
D55_vs_D0,OG0000955,Halomonas,1,True,False,False,False,down,,,
D55_vs_D0,OG0000957,Sphingopyxis,1,False,False,False,True,,,,up
D55_vs_D0,OG0000959,Halomonas,1,True,False,False,False,up,,,
D55_vs_D0,OG0000960,Halomonas;Sphingopyxis,2,True,False,False,True,up,,,down
D55_vs_D0,OG0000962,Sphingopyxis,1,False,False,False,True,,,,down
D55_vs_D0,OG0000966,Halomonas,1,True,False,False,False,up,,,
D55_vs_D0,OG0000967,Sphingopyxis,1,False,False,False,True,,,,up
D55_vs_D0,OG0000969,Psychrobacter,1,False,True,False,False,,up,,
D55_vs_D0,OG0000971,Sphingopyxis,1,False,False,False,True,,,,down
D55_vs_D0,OG0000972,Halomonas,1,True,False,False,False,down,,,
D55_vs_D0,OG0000973,Halomonas,1,True,False,False,False,down,,,
D55_vs_D0,OG0000974,Halomonas,1,True,False,False,False,down,,,
D55_vs_D0,OG0000975,Sphingopyxis,1,False,False,False,True,,,,up
D55_vs_D0,OG0000976,Halomonas;Sphingopyxis,2,True,False,False,True,down,,,down
D55_vs_D0,OG0000977,Psychrobacter,1,False,True,False,False,,up,,
D55_vs_D0,OG0000980,Halomonas;Sphingopyxis,2,True,False,False,True,up,,,down
D55_vs_D0,OG0000981,Sphingopyxis,1,False,False,False,True,,,,up
D55_vs_D0,OG0000982,Sphingopyxis,1,False,False,False,True,,,,up
D55_vs_D0,OG0000983,Halomonas,1,True,False,False,False,down,,,
D55_vs_D0,OG0000984,Halomonas,1,True,False,False,False,up,,,
D55_vs_D0,OG0000985,Halomonas,1,True,False,False,False,up,,,
D55_vs_D0,OG0000987,Psychrobacter,1,False,True,False,False,,up,,
D55_vs_D0,OG0000988,Sphingopyxis,1,False,False,False,True,,,,up
D55_vs_D0,OG0000990,Halomonas;Sphingopyxis,2,True,False,False,True,down,,,down
D55_vs_D0,OG0000992,Psychrobacter,1,False,True,False,False,,up,,
D55_vs_D0,OG0000993,Sphingopyxis,1,False,False,False,True,,,,up
D55_vs_D0,OG0000994,Halomonas,1,True,False,False,False,down,,,
D55_vs_D0,OG0000995,Psychrobacter,1,False,True,False,False,,up,,
D55_vs_D0,OG0000996,Sphingopyxis,1,False,False,False,True,,,,down
D55_vs_D0,OG0000998,Sphingopyxis,1,False,False,False,True,,,,down
D55_vs_D0,OG0001000,Sphingopyxis,1,False,False,False,True,,,,up
D55_vs_D0,OG0001005,Sphingopyxis,1,False,False,False,True,,,,up
D55_vs_D0,OG0001007,Sphingopyxis,1,False,False,False,True,,,,down
D55_vs_D0,OG0001008,Sphingopyxis,1,False,False,False,True,,,,down
D55_vs_D0,OG0001010,Sphingopyxis,1,False,False,False,True,,,,up
D55_vs_D0,OG0001011,Sphingopyxis,1,False,False,False,True,,,,down
D55_vs_D0,OG0001012,Sphingopyxis,1,False,False,False,True,,,,down
D55_vs_D0,OG0001017,Sphingopyxis,1,False,False,False,True,,,,up
D55_vs_D0,OG0001019,Aequorivita,1,False,False,True,False,,,up,
D55_vs_D0,OG0001020,Halomonas;Aequorivita;Sphingopyxis,3,True,False,True,True,up,,down,up
D55_vs_D0,OG0001021,Sphingopyxis,1,False,False,False,True,,,,down
D55_vs_D0,OG0001022,Aequorivita,1,False,False,True,False,,,down,
D55_vs_D0,OG0001023,Halomonas,1,True,False,False,False,up,,,
D55_vs_D0,OG0001026,Halomonas,1,True,False,False,False,down,,,
D55_vs_D0,OG0001027,Psychrobacter,1,False,True,False,False,,down,,
D55_vs_D0,OG0001030,Halomonas,1,True,False,False,False,down,,,
D55_vs_D0,OG0001031,Sphingopyxis,1,False,False,False,True,,,,up
D55_vs_D0,OG0001033,Halomonas,1,True,False,False,False,down,,,
D55_vs_D0,OG0001035,Halomonas,1,True,False,False,False,up,,,
D55_vs_D0,OG0001038,Halomonas,1,True,False,False,False,up,,,
D55_vs_D0,OG0001040,Halomonas;Psychrobacter,2,True,True,False,False,up,down,,
D55_vs_D0,OG0001041,Halomonas,1,True,False,False,False,up,,,
D55_vs_D0,OG0001042,Sphingopyxis,1,False,False,False,True,,,,down
D55_vs_D0,OG0001043,Aequorivita,1,False,False,True,False,,,down,
D55_vs_D0,OG0001048,Halomonas,1,True,False,False,False,up,,,
D55_vs_D0,OG0001051,Aequorivita,1,False,False,True,False,,,up,
D55_vs_D0,OG0001052,Halomonas,1,True,False,False,False,up,,,
D55_vs_D0,OG0001053,Halomonas,1,True,False,False,False,up,,,
D55_vs_D0,OG0001055,Psychrobacter,1,False,True,False,False,,up,,
D55_vs_D0,OG0001056,Halomonas,1,True,False,False,False,up,,,
D55_vs_D0,OG0001057,Halomonas,1,True,False,False,False,up,,,
D55_vs_D0,OG0001059,Sphingopyxis,1,False,False,False,True,,,,up
D55_vs_D0,OG0001063,Sphingopyxis,1,False,False,False,True,,,,up
D55_vs_D0,OG0001065,Halomonas,1,True,False,False,False,up,,,
D55_vs_D0,OG0001066,Halomonas,1,True,False,False,False,up,,,
D55_vs_D0,OG0001070,Aequorivita;Sphingopyxis,2,False,False,True,True,,,down,down
D55_vs_D0,OG0001071,Aequorivita,1,False,False,True,False,,,down,
D55_vs_D0,OG0001077,Psychrobacter,1,False,True,False,False,,up,,
D55_vs_D0,OG0001080,Psychrobacter;Sphingopyxis,2,False,True,False,True,,up,,down
D55_vs_D0,OG0001083,Halomonas,1,True,False,False,False,down,,,
D55_vs_D0,OG0001085,Sphingopyxis,1,False,False,False,True,,,,down
D55_vs_D0,OG0001086,Sphingopyxis,1,False,False,False,True,,,,down
D55_vs_D0,OG0001087,Halomonas,1,True,False,False,False,down,,,
D55_vs_D0,OG0001089,Psychrobacter,1,False,True,False,False,,up,,
D55_vs_D0,OG0001090,Halomonas,1,True,False,False,False,down,,,
D55_vs_D0,OG0001091,Aequorivita,1,False,False,True,False,,,down,
D55_vs_D0,OG0001092,Psychrobacter;Sphingopyxis,2,False,True,False,True,,up,,down
D55_vs_D0,OG0001093,Halomonas,1,True,False,False,False,down,,,
D55_vs_D0,OG0001097,Aequorivita,1,False,False,True,False,,,down,
D55_vs_D0,OG0001098,Halomonas,1,True,False,False,False,down,,,
D55_vs_D0,OG0001099,Halomonas;Psychrobacter,2,True,True,False,False,down,up,,
D55_vs_D0,OG0001101,Halomonas;Sphingopyxis,2,True,False,False,True,down,,,up
D55_vs_D0,OG0001104,Aequorivita,1,False,False,True,False,,,down,
D55_vs_D0,OG0001105,Aequorivita,1,False,False,True,False,,,up,
D55_vs_D0,OG0001106,Psychrobacter,1,False,True,False,False,,up,,
D55_vs_D0,OG0001109,Aequorivita,1,False,False,True,False,,,down,
D55_vs_D0,OG0001111,Aequorivita,1,False,False,True,False,,,up,
D55_vs_D0,OG0001112,Sphingopyxis,1,False,False,False,True,,,,down
D55_vs_D0,OG0001113,Halomonas;Sphingopyxis,2,True,False,False,True,down,,,up
D55_vs_D0,OG0001115,Aequorivita,1,False,False,True,False,,,down,
D55_vs_D0,OG0001116,Sphingopyxis,1,False,False,False,True,,,,down
D55_vs_D0,OG0001118,Sphingopyxis,1,False,False,False,True,,,,up
D55_vs_D0,OG0001119,Psychrobacter,1,False,True,False,False,,up,,
D55_vs_D0,OG0001121,Sphingopyxis,1,False,False,False,True,,,,up
D55_vs_D0,OG0001124,Psychrobacter;Aequorivita,2,False,True,True,False,,down,down,
D55_vs_D0,OG0001125,Halomonas;Sphingopyxis,2,True,False,False,True,up,,,down
D55_vs_D0,OG0001129,Halomonas,1,True,False,False,False,down,,,
D55_vs_D0,OG0001130,Halomonas,1,True,False,False,False,down,,,
D55_vs_D0,OG0001134,Halomonas,1,True,False,False,False,up,,,
D55_vs_D0,OG0001135,Sphingopyxis,1,False,False,False,True,,,,down
D55_vs_D0,OG0001138,Psychrobacter,1,False,True,False,False,,up,,
D55_vs_D0,OG0001139,Aequorivita,1,False,False,True,False,,,up,
D55_vs_D0,OG0001141,Aequorivita,1,False,False,True,False,,,down,
D55_vs_D0,OG0001142,Aequorivita,1,False,False,True,False,,,down,
D55_vs_D0,OG0001144,Halomonas,1,True,False,False,False,up,,,
D55_vs_D0,OG0001145,Psychrobacter,1,False,True,False,False,,up,,
D55_vs_D0,OG0001148,Sphingopyxis,1,False,False,False,True,,,,up
D55_vs_D0,OG0001150,Aequorivita,1,False,False,True,False,,,up,
D55_vs_D0,OG0001152,Aequorivita,1,False,False,True,False,,,down,
D55_vs_D0,OG0001153,Sphingopyxis,1,False,False,False,True,,,,down
D55_vs_D0,OG0001154,Psychrobacter;Sphingopyxis,2,False,True,False,True,,up,,down
D55_vs_D0,OG0001155,Sphingopyxis,1,False,False,False,True,,,,down
D55_vs_D0,OG0001156,Psychrobacter;Sphingopyxis,2,False,True,False,True,,up,,down
D55_vs_D0,OG0001157,Sphingopyxis,1,False,False,False,True,,,,up
D55_vs_D0,OG0001159,Psychrobacter;Aequorivita,2,False,True,True,False,,down,down,
D55_vs_D0,OG0001161,Aequorivita,1,False,False,True,False,,,up,
D55_vs_D0,OG0001162,Sphingopyxis,1,False,False,False,True,,,,down
D55_vs_D0,OG0001163,Halomonas,1,True,False,False,False,up,,,
D55_vs_D0,OG0001165,Halomonas,1,True,False,False,False,up,,,
D55_vs_D0,OG0001167,Sphingopyxis,1,False,False,False,True,,,,down
D55_vs_D0,OG0001168,Sphingopyxis,1,False,False,False,True,,,,up
D55_vs_D0,OG0001169,Sphingopyxis,1,False,False,False,True,,,,up
D55_vs_D0,OG0001170,Sphingopyxis,1,False,False,False,True,,,,up
D55_vs_D0,OG0001171,Halomonas;Sphingopyxis,2,True,False,False,True,down,,,down
D55_vs_D0,OG0001173,Sphingopyxis,1,False,False,False,True,,,,up
D55_vs_D0,OG0001174,Halomonas,1,True,False,False,False,up,,,
D55_vs_D0,OG0001176,Halomonas,1,True,False,False,False,up,,,
D55_vs_D0,OG0001179,Halomonas,1,True,False,False,False,down,,,
D55_vs_D0,OG0001180,Halomonas,1,True,False,False,False,up,,,
D55_vs_D0,OG0001181,Halomonas,1,True,False,False,False,up,,,
D55_vs_D0,OG0001182,Halomonas;Sphingopyxis,2,True,False,False,True,down,,,down
D55_vs_D0,OG0001186,Halomonas,1,True,False,False,False,down,,,
D55_vs_D0,OG0001187,Sphingopyxis,1,False,False,False,True,,,,down
D55_vs_D0,OG0001189,Halomonas;Psychrobacter,2,True,True,False,False,up,up,,
D55_vs_D0,OG0001191,Halomonas,1,True,False,False,False,up,,,
D55_vs_D0,OG0001193,Halomonas;Sphingopyxis,2,True,False,False,True,up,,,down
D55_vs_D0,OG0001194,Halomonas,1,True,False,False,False,down,,,
D55_vs_D0,OG0001196,Psychrobacter,1,False,True,False,False,,up,,
D55_vs_D0,OG0001197,Psychrobacter,1,False,True,False,False,,up,,
D55_vs_D0,OG0001198,Psychrobacter,1,False,True,False,False,,up,,
D55_vs_D0,OG0001199,Sphingopyxis,1,False,False,False,True,,,,up
D55_vs_D0,OG0001200,Aequorivita,1,False,False,True,False,,,down,
D55_vs_D0,OG0001204,Sphingopyxis,1,False,False,False,True,,,,up
D55_vs_D0,OG0001206,Psychrobacter;Sphingopyxis,2,False,True,False,True,,up,,down
D55_vs_D0,OG0001207,Psychrobacter,1,False,True,False,False,,down,,
D55_vs_D0,OG0001209,Sphingopyxis,1,False,False,False,True,,,,down
D55_vs_D0,OG0001210,Aequorivita,1,False,False,True,False,,,up,
D55_vs_D0,OG0001211,Aequorivita,1,False,False,True,False,,,up,
D55_vs_D0,OG0001212,Halomonas;Aequorivita,2,True,False,True,False,up,,down,
D55_vs_D0,OG0001213,Aequorivita,1,False,False,True,False,,,down,
D55_vs_D0,OG0001214,Sphingopyxis,1,False,False,False,True,,,,up
D55_vs_D0,OG0001215,Halomonas,1,True,False,False,False,down,,,
D55_vs_D0,OG0001217,Sphingopyxis,1,False,False,False,True,,,,down
D55_vs_D0,OG0001219,Sphingopyxis,1,False,False,False,True,,,,down
D55_vs_D0,OG0001222,Aequorivita,1,False,False,True,False,,,down,
D55_vs_D0,OG0001223,Halomonas;Sphingopyxis,2,True,False,False,True,down,,,up
D55_vs_D0,OG0001224,Sphingopyxis,1,False,False,False,True,,,,down
D55_vs_D0,OG0001225,Sphingopyxis,1,False,False,False,True,,,,up
D55_vs_D0,OG0001229,Sphingopyxis,1,False,False,False,True,,,,up
D55_vs_D0,OG0001230,Halomonas,1,True,False,False,False,up,,,
D55_vs_D0,OG0001231,Halomonas,1,True,False,False,False,down,,,
D55_vs_D0,OG0001232,Sphingopyxis,1,False,False,False,True,,,,up
D55_vs_D0,OG0001234,Halomonas;Sphingopyxis,2,True,False,False,True,up,,,down
D55_vs_D0,OG0001235,Sphingopyxis,1,False,False,False,True,,,,down
D55_vs_D0,OG0001237,Halomonas,1,True,False,False,False,down,,,
D55_vs_D0,OG0001238,Halomonas;Sphingopyxis,2,True,False,False,True,up,,,down
D55_vs_D0,OG0001239,Halomonas,1,True,False,False,False,down,,,
D55_vs_D0,OG0001241,Psychrobacter,1,False,True,False,False,,up,,
D55_vs_D0,OG0001243,Halomonas;Psychrobacter,2,True,True,False,False,up,up,,
D55_vs_D0,OG0001244,Halomonas,1,True,False,False,False,up,,,
D55_vs_D0,OG0001247,Halomonas;Psychrobacter,2,True,True,False,False,up,up,,
D55_vs_D0,OG0001248,Halomonas;Sphingopyxis,2,True,False,False,True,down,,,down
D55_vs_D0,OG0001249,Halomonas;Sphingopyxis,2,True,False,False,True,down,,,down
D55_vs_D0,OG0001250,Halomonas;Sphingopyxis,2,True,False,False,True,down,,,down
D55_vs_D0,OG0001252,Sphingopyxis,1,False,False,False,True,,,,down
D55_vs_D0,OG0001253,Sphingopyxis,1,False,False,False,True,,,,up
D55_vs_D0,OG0001254,Halomonas,1,True,False,False,False,down,,,
D55_vs_D0,OG0001255,Halomonas,1,True,False,False,False,up,,,
D55_vs_D0,OG0001257,Sphingopyxis,1,False,False,False,True,,,,down
D55_vs_D0,OG0001258,Halomonas,1,True,False,False,False,down,,,
D55_vs_D0,OG0001259,Halomonas,1,True,False,False,False,down,,,
D55_vs_D0,OG0001260,Halomonas;Sphingopyxis,2,True,False,False,True,up,,,up
D55_vs_D0,OG0001261,Sphingopyxis,1,False,False,False,True,,,,up
D55_vs_D0,OG0001263,Psychrobacter,1,False,True,False,False,,up,,
D55_vs_D0,OG0001264,Halomonas,1,True,False,False,False,up,,,
D55_vs_D0,OG0001265,Sphingopyxis,1,False,False,False,True,,,,down
D55_vs_D0,OG0001270,Sphingopyxis,1,False,False,False,True,,,,up
D55_vs_D0,OG0001271,Halomonas,1,True,False,False,False,down,,,
D55_vs_D0,OG0001274,Halomonas,1,True,False,False,False,up,,,
D55_vs_D0,OG0001276,Sphingopyxis,1,False,False,False,True,,,,up
D55_vs_D0,OG0001278,Halomonas;Psychrobacter;Sphingopyxis,3,True,True,False,True,down,down,,down
D55_vs_D0,OG0001279,Halomonas,1,True,False,False,False,up,,,
D55_vs_D0,OG0001280,Halomonas;Sphingopyxis,2,True,False,False,True,up,,,down
D55_vs_D0,OG0001284,Psychrobacter,1,False,True,False,False,,up,,
D55_vs_D0,OG0001285,Halomonas;Sphingopyxis,2,True,False,False,True,down,,,down
D55_vs_D0,OG0001287,Halomonas,1,True,False,False,False,up,,,
D55_vs_D0,OG0001288,Halomonas,1,True,False,False,False,up,,,
D55_vs_D0,OG0001289,Halomonas,1,True,False,False,False,up,,,
D55_vs_D0,OG0001290,Psychrobacter;Sphingopyxis,2,False,True,False,True,,down,,up
D55_vs_D0,OG0001294,Sphingopyxis,1,False,False,False,True,,,,up
D55_vs_D0,OG0001296,Halomonas,1,True,False,False,False,down,,,
D55_vs_D0,OG0001299,Halomonas;Psychrobacter,2,True,True,False,False,up,up,,
D55_vs_D0,OG0001300,Halomonas;Psychrobacter,2,True,True,False,False,up,up,,
D55_vs_D0,OG0001301,Sphingopyxis,1,False,False,False,True,,,,down
D55_vs_D0,OG0001303,Halomonas;Psychrobacter,2,True,True,False,False,up,down,,
D55_vs_D0,OG0001306,Sphingopyxis,1,False,False,False,True,,,,down
D55_vs_D0,OG0001307,Sphingopyxis,1,False,False,False,True,,,,up
D55_vs_D0,OG0001308,Psychrobacter,1,False,True,False,False,,up,,
D55_vs_D0,OG0001310,Halomonas;Psychrobacter,2,True,True,False,False,down,up,,
D55_vs_D0,OG0001312,Halomonas,1,True,False,False,False,down,,,
D55_vs_D0,OG0001313,Halomonas;Psychrobacter,2,True,True,False,False,up,down,,
D55_vs_D0,OG0001314,Sphingopyxis,1,False,False,False,True,,,,up
D55_vs_D0,OG0001316,Halomonas,1,True,False,False,False,down,,,
D55_vs_D0,OG0001317,Sphingopyxis,1,False,False,False,True,,,,up
D55_vs_D0,OG0001319,Sphingopyxis,1,False,False,False,True,,,,down
D55_vs_D0,OG0001320,Sphingopyxis,1,False,False,False,True,,,,down
D55_vs_D0,OG0001323,Psychrobacter,1,False,True,False,False,,up,,
D55_vs_D0,OG0001324,Halomonas;Sphingopyxis,2,True,False,False,True,up,,,up
D55_vs_D0,OG0001327,Halomonas,1,True,False,False,False,up,,,
D55_vs_D0,OG0001328,Sphingopyxis,1,False,False,False,True,,,,down
D55_vs_D0,OG0001329,Sphingopyxis,1,False,False,False,True,,,,down
D55_vs_D0,OG0001330,Halomonas;Sphingopyxis,2,True,False,False,True,up,,,down
D55_vs_D0,OG0001332,Halomonas,1,True,False,False,False,up,,,
D55_vs_D0,OG0001336,Halomonas;Psychrobacter,2,True,True,False,False,up,up,,
D55_vs_D0,OG0001337,Sphingopyxis,1,False,False,False,True,,,,up
D55_vs_D0,OG0001339,Halomonas;Sphingopyxis,2,True,False,False,True,down,,,down
D55_vs_D0,OG0001340,Halomonas;Psychrobacter,2,True,True,False,False,up,up,,
D55_vs_D0,OG0001342,Halomonas,1,True,False,False,False,up,,,
D55_vs_D0,OG0001344,Sphingopyxis,1,False,False,False,True,,,,down
D55_vs_D0,OG0001347,Halomonas;Sphingopyxis,2,True,False,False,True,down,,,down
D55_vs_D0,OG0001350,Sphingopyxis,1,False,False,False,True,,,,up
D55_vs_D0,OG0001351,Halomonas;Psychrobacter,2,True,True,False,False,up,down,,
D55_vs_D0,OG0001352,Sphingopyxis,1,False,False,False,True,,,,up
D55_vs_D0,OG0001353,Sphingopyxis,1,False,False,False,True,,,,down
D55_vs_D0,OG0001354,Sphingopyxis,1,False,False,False,True,,,,down
D55_vs_D0,OG0001355,Halomonas;Psychrobacter,2,True,True,False,False,down,up,,
D55_vs_D0,OG0001357,Sphingopyxis,1,False,False,False,True,,,,down
D55_vs_D0,OG0001362,Psychrobacter;Sphingopyxis,2,False,True,False,True,,up,,down
D55_vs_D0,OG0001363,Psychrobacter;Sphingopyxis,2,False,True,False,True,,up,,down
D55_vs_D0,OG0001364,Halomonas,1,True,False,False,False,down,,,
D55_vs_D0,OG0001366,Sphingopyxis,1,False,False,False,True,,,,down
D55_vs_D0,OG0001368,Halomonas;Psychrobacter;Sphingopyxis,3,True,True,False,True,down,up,,down
D55_vs_D0,OG0001369,Halomonas;Sphingopyxis,2,True,False,False,True,up,,,down
D55_vs_D0,OG0001370,Halomonas;Psychrobacter,2,True,True,False,False,down,down,,
D55_vs_D0,OG0001371,Halomonas,1,True,False,False,False,down,,,
D55_vs_D0,OG0001372,Sphingopyxis,1,False,False,False,True,,,,down
D55_vs_D0,OG0001374,Sphingopyxis,1,False,False,False,True,,,,up
D55_vs_D0,OG0001375,Halomonas,1,True,False,False,False,up,,,
D55_vs_D0,OG0001377,Halomonas;Sphingopyxis,2,True,False,False,True,down,,,up
D55_vs_D0,OG0001379,Psychrobacter,1,False,True,False,False,,up,,
D55_vs_D0,OG0001380,Sphingopyxis,1,False,False,False,True,,,,down
D55_vs_D0,OG0001383,Sphingopyxis,1,False,False,False,True,,,,down
D55_vs_D0,OG0001385,Halomonas;Sphingopyxis,2,True,False,False,True,down,,,down
D55_vs_D0,OG0001386,Halomonas,1,True,False,False,False,down,,,
D55_vs_D0,OG0001387,Sphingopyxis,1,False,False,False,True,,,,up
D55_vs_D0,OG0001388,Halomonas;Sphingopyxis,2,True,False,False,True,up,,,down
D55_vs_D0,OG0001389,Halomonas;Sphingopyxis,2,True,False,False,True,up,,,down
D55_vs_D0,OG0001390,Halomonas;Sphingopyxis,2,True,False,False,True,up,,,down
D55_vs_D0,OG0001392,Halomonas,1,True,False,False,False,up,,,
D55_vs_D0,OG0001393,Halomonas;Sphingopyxis,2,True,False,False,True,up,,,up
D55_vs_D0,OG0001394,Halomonas;Psychrobacter;Sphingopyxis,3,True,True,False,True,up,down,,up
D55_vs_D0,OG0001395,Halomonas,1,True,False,False,False,up,,,
D55_vs_D0,OG0001398,Halomonas,1,True,False,False,False,up,,,
D55_vs_D0,OG0001401,Sphingopyxis,1,False,False,False,True,,,,up
D55_vs_D0,OG0001405,Psychrobacter;Sphingopyxis,2,False,True,False,True,,up,,down
D55_vs_D0,OG0001406,Halomonas;Sphingopyxis,2,True,False,False,True,up,,,down
D55_vs_D0,OG0001408,Sphingopyxis,1,False,False,False,True,,,,up
D55_vs_D0,OG0001409,Halomonas,1,True,False,False,False,up,,,
D55_vs_D0,OG0001410,Halomonas;Psychrobacter,2,True,True,False,False,up,up,,
D55_vs_D0,OG0001411,Halomonas;Sphingopyxis,2,True,False,False,True,up,,,up
D55_vs_D0,OG0001412,Sphingopyxis,1,False,False,False,True,,,,up
D55_vs_D0,OG0001414,Halomonas,1,True,False,False,False,down,,,
D55_vs_D0,OG0001416,Halomonas,1,True,False,False,False,down,,,
D55_vs_D0,OG0001419,Sphingopyxis,1,False,False,False,True,,,,down
D55_vs_D0,OG0001421,Halomonas;Sphingopyxis,2,True,False,False,True,up,,,up
D55_vs_D0,OG0001422,Sphingopyxis,1,False,False,False,True,,,,up
D55_vs_D0,OG0001423,Halomonas,1,True,False,False,False,up,,,
D55_vs_D0,OG0001426,Sphingopyxis,1,False,False,False,True,,,,down
D55_vs_D0,OG0001427,Halomonas;Psychrobacter,2,True,True,False,False,down,up,,
D55_vs_D0,OG0001429,Halomonas,1,True,False,False,False,up,,,
D55_vs_D0,OG0001431,Halomonas,1,True,False,False,False,up,,,
D55_vs_D0,OG0001432,Sphingopyxis,1,False,False,False,True,,,,up
D55_vs_D0,OG0001436,Halomonas,1,True,False,False,False,down,,,
D55_vs_D0,OG0001437,Psychrobacter,1,False,True,False,False,,down,,
D55_vs_D0,OG0001438,Halomonas;Sphingopyxis,2,True,False,False,True,up,,,up
D55_vs_D0,OG0001439,Halomonas;Psychrobacter,2,True,True,False,False,up,down,,
D55_vs_D0,OG0001440,Halomonas,1,True,False,False,False,down,,,
D55_vs_D0,OG0001441,Halomonas,1,True,False,False,False,down,,,
D55_vs_D0,OG0001442,Psychrobacter,1,False,True,False,False,,down,,
D55_vs_D0,OG0001444,Halomonas,1,True,False,False,False,down,,,
D55_vs_D0,OG0001445,Halomonas,1,True,False,False,False,up,,,
D55_vs_D0,OG0001446,Halomonas,1,True,False,False,False,down,,,
D55_vs_D0,OG0001447,Sphingopyxis,1,False,False,False,True,,,,up
D55_vs_D0,OG0001448,Halomonas,1,True,False,False,False,down,,,
D55_vs_D0,OG0001449,Halomonas,1,True,False,False,False,up,,,
D55_vs_D0,OG0001454,Psychrobacter,1,False,True,False,False,,down,,
D55_vs_D0,OG0001464,Psychrobacter,1,False,True,False,False,,down,,
D55_vs_D0,OG0001467,Psychrobacter,1,False,True,False,False,,down,,
D55_vs_D0,OG0001474,Sphingopyxis,1,False,False,False,True,,,,down
D55_vs_D0,OG0001475,Sphingopyxis,1,False,False,False,True,,,,up
D55_vs_D0,OG0001476,Sphingopyxis,1,False,False,False,True,,,,up
D55_vs_D0,OG0001481,Sphingopyxis,1,False,False,False,True,,,,down
D55_vs_D0,OG0001482,Sphingopyxis,1,False,False,False,True,,,,down
D55_vs_D0,OG0001484,Sphingopyxis,1,False,False,False,True,,,,up
D55_vs_D0,OG0001485,Sphingopyxis,1,False,False,False,True,,,,down
D55_vs_D0,OG0001486,Sphingopyxis,1,False,False,False,True,,,,up
D55_vs_D0,OG0001489,Sphingopyxis,1,False,False,False,True,,,,up
D55_vs_D0,OG0001493,Sphingopyxis,1,False,False,False,True,,,,down
D55_vs_D0,OG0001496,Sphingopyxis,1,False,False,False,True,,,,down
D55_vs_D0,OG0001500,Sphingopyxis,1,False,False,False,True,,,,down
D55_vs_D0,OG0001502,Sphingopyxis,1,False,False,False,True,,,,up
D55_vs_D0,OG0001503,Sphingopyxis,1,False,False,False,True,,,,down
D55_vs_D0,OG0001505,Psychrobacter,1,False,True,False,False,,up,,
D55_vs_D0,OG0001510,Aequorivita,1,False,False,True,False,,,up,
D55_vs_D0,OG0001511,Halomonas;Aequorivita,2,True,False,True,False,up,,up,
D55_vs_D0,OG0001513,Aequorivita,1,False,False,True,False,,,down,
D55_vs_D0,OG0001514,Sphingopyxis,1,False,False,False,True,,,,up
D55_vs_D0,OG0001517,Halomonas,1,True,False,False,False,down,,,
D55_vs_D0,OG0001518,Aequorivita,1,False,False,True,False,,,down,
D55_vs_D0,OG0001521,Halomonas,1,True,False,False,False,up,,,
D55_vs_D0,OG0001522,Psychrobacter,1,False,True,False,False,,down,,
D55_vs_D0,OG0001523,Halomonas,1,True,False,False,False,up,,,
D55_vs_D0,OG0001526,Sphingopyxis,1,False,False,False,True,,,,down
D55_vs_D0,OG0001527,Aequorivita,1,False,False,True,False,,,down,
D55_vs_D0,OG0001528,Sphingopyxis,1,False,False,False,True,,,,down
D55_vs_D0,OG0001532,Halomonas,1,True,False,False,False,up,,,
D55_vs_D0,OG0001533,Sphingopyxis,1,False,False,False,True,,,,up
D55_vs_D0,OG0001534,Aequorivita,1,False,False,True,False,,,down,
D55_vs_D0,OG0001537,Sphingopyxis,1,False,False,False,True,,,,down
D55_vs_D0,OG0001538,Halomonas,1,True,False,False,False,down,,,
D55_vs_D0,OG0001542,Halomonas,1,True,False,False,False,up,,,
D55_vs_D0,OG0001543,Aequorivita,1,False,False,True,False,,,down,
D55_vs_D0,OG0001544,Sphingopyxis,1,False,False,False,True,,,,down
D55_vs_D0,OG0001545,Aequorivita;Sphingopyxis,2,False,False,True,True,,,up,down
D55_vs_D0,OG0001547,Aequorivita,1,False,False,True,False,,,up,
D55_vs_D0,OG0001549,Aequorivita;Sphingopyxis,2,False,False,True,True,,,down,down
D55_vs_D0,OG0001554,Aequorivita,1,False,False,True,False,,,down,
D55_vs_D0,OG0001555,Sphingopyxis,1,False,False,False,True,,,,down
D55_vs_D0,OG0001556,Sphingopyxis,1,False,False,False,True,,,,down
D55_vs_D0,OG0001562,Sphingopyxis,1,False,False,False,True,,,,down
D55_vs_D0,OG0001565,Halomonas;Aequorivita,2,True,False,True,False,up,,down,
D55_vs_D0,OG0001566,Halomonas,1,True,False,False,False,up,,,
D55_vs_D0,OG0001567,Sphingopyxis,1,False,False,False,True,,,,down
D55_vs_D0,OG0001568,Aequorivita,1,False,False,True,False,,,down,
D55_vs_D0,OG0001570,Aequorivita,1,False,False,True,False,,,down,
D55_vs_D0,OG0001571,Aequorivita,1,False,False,True,False,,,down,
D55_vs_D0,OG0001573,Sphingopyxis,1,False,False,False,True,,,,down
D55_vs_D0,OG0001575,Sphingopyxis,1,False,False,False,True,,,,down
D55_vs_D0,OG0001576,Aequorivita,1,False,False,True,False,,,down,
D55_vs_D0,OG0001577,Psychrobacter,1,False,True,False,False,,up,,
D55_vs_D0,OG0001581,Aequorivita,1,False,False,True,False,,,down,
D55_vs_D0,OG0001588,Halomonas,1,True,False,False,False,down,,,
D55_vs_D0,OG0001590,Aequorivita;Sphingopyxis,2,False,False,True,True,,,up,down
D55_vs_D0,OG0001593,Aequorivita,1,False,False,True,False,,,down,
D55_vs_D0,OG0001595,Psychrobacter;Aequorivita,2,False,True,True,False,,down,down,
D55_vs_D0,OG0001597,Psychrobacter,1,False,True,False,False,,up,,
D55_vs_D0,OG0001598,Sphingopyxis,1,False,False,False,True,,,,up
D55_vs_D0,OG0001607,Sphingopyxis,1,False,False,False,True,,,,down
D55_vs_D0,OG0001612,Psychrobacter,1,False,True,False,False,,up,,
D55_vs_D0,OG0001613,Psychrobacter,1,False,True,False,False,,down,,
D55_vs_D0,OG0001616,Sphingopyxis,1,False,False,False,True,,,,down
D55_vs_D0,OG0001620,Aequorivita,1,False,False,True,False,,,down,
D55_vs_D0,OG0001621,Aequorivita,1,False,False,True,False,,,down,
D55_vs_D0,OG0001622,Sphingopyxis,1,False,False,False,True,,,,down
D55_vs_D0,OG0001623,Sphingopyxis,1,False,False,False,True,,,,down
D55_vs_D0,OG0001627,Aequorivita;Sphingopyxis,2,False,False,True,True,,,down,down
D55_vs_D0,OG0001629,Sphingopyxis,1,False,False,False,True,,,,down
D55_vs_D0,OG0001630,Halomonas,1,True,False,False,False,up,,,
D55_vs_D0,OG0001632,Sphingopyxis,1,False,False,False,True,,,,down
D55_vs_D0,OG0001634,Aequorivita,1,False,False,True,False,,,down,
D55_vs_D0,OG0001635,Aequorivita,1,False,False,True,False,,,down,
D55_vs_D0,OG0001638,Aequorivita,1,False,False,True,False,,,down,
D55_vs_D0,OG0001643,Sphingopyxis,1,False,False,False,True,,,,down
D55_vs_D0,OG0001645,Aequorivita,1,False,False,True,False,,,down,
D55_vs_D0,OG0001646,Sphingopyxis,1,False,False,False,True,,,,down
D55_vs_D0,OG0001647,Aequorivita,1,False,False,True,False,,,down,
D55_vs_D0,OG0001650,Psychrobacter;Aequorivita,2,False,True,True,False,,up,down,
D55_vs_D0,OG0001651,Halomonas,1,True,False,False,False,up,,,
D55_vs_D0,OG0001653,Aequorivita,1,False,False,True,False,,,down,
D55_vs_D0,OG0001655,Sphingopyxis,1,False,False,False,True,,,,down
D55_vs_D0,OG0001656,Sphingopyxis,1,False,False,False,True,,,,down
D55_vs_D0,OG0001661,Aequorivita;Sphingopyxis,2,False,False,True,True,,,down,down
D55_vs_D0,OG0001662,Psychrobacter,1,False,True,False,False,,up,,
D55_vs_D0,OG0001663,Sphingopyxis,1,False,False,False,True,,,,down
D55_vs_D0,OG0001664,Halomonas,1,True,False,False,False,up,,,
D55_vs_D0,OG0001666,Aequorivita,1,False,False,True,False,,,down,
D55_vs_D0,OG0001668,Sphingopyxis,1,False,False,False,True,,,,down
D55_vs_D0,OG0001676,Aequorivita,1,False,False,True,False,,,down,
D55_vs_D0,OG0001678,Sphingopyxis,1,False,False,False,True,,,,down
D55_vs_D0,OG0001683,Sphingopyxis,1,False,False,False,True,,,,down
D55_vs_D0,OG0001685,Aequorivita,1,False,False,True,False,,,down,
D55_vs_D0,OG0001688,Halomonas,1,True,False,False,False,down,,,
D55_vs_D0,OG0001689,Sphingopyxis,1,False,False,False,True,,,,down
D55_vs_D0,OG0001691,Sphingopyxis,1,False,False,False,True,,,,up
D55_vs_D0,OG0001692,Sphingopyxis,1,False,False,False,True,,,,down
D55_vs_D0,OG0001694,Aequorivita;Sphingopyxis,2,False,False,True,True,,,up,down
D55_vs_D0,OG0001697,Aequorivita,1,False,False,True,False,,,down,
D55_vs_D0,OG0001698,Aequorivita,1,False,False,True,False,,,down,
D55_vs_D0,OG0001699,Aequorivita,1,False,False,True,False,,,down,
D55_vs_D0,OG0001704,Sphingopyxis,1,False,False,False,True,,,,down
D55_vs_D0,OG0001716,Aequorivita,1,False,False,True,False,,,down,
D55_vs_D0,OG0001721,Aequorivita,1,False,False,True,False,,,down,
D55_vs_D0,OG0001722,Halomonas,1,True,False,False,False,down,,,
D55_vs_D0,OG0001724,Sphingopyxis,1,False,False,False,True,,,,down
D55_vs_D0,OG0001726,Sphingopyxis,1,False,False,False,True,,,,up
D55_vs_D0,OG0001732,Sphingopyxis,1,False,False,False,True,,,,down
D55_vs_D0,OG0001734,Halomonas;Aequorivita,2,True,False,True,False,up,,up,
D55_vs_D0,OG0001735,Aequorivita,1,False,False,True,False,,,down,
D55_vs_D0,OG0001736,Sphingopyxis,1,False,False,False,True,,,,up
D55_vs_D0,OG0001738,Sphingopyxis,1,False,False,False,True,,,,down
D55_vs_D0,OG0001742,Aequorivita,1,False,False,True,False,,,up,
D55_vs_D0,OG0001745,Aequorivita,1,False,False,True,False,,,down,
D55_vs_D0,OG0001746,Sphingopyxis,1,False,False,False,True,,,,up
D55_vs_D0,OG0001747,Aequorivita,1,False,False,True,False,,,down,
D55_vs_D0,OG0001750,Halomonas,1,True,False,False,False,down,,,
D55_vs_D0,OG0001751,Aequorivita,1,False,False,True,False,,,up,
D55_vs_D0,OG0001753,Aequorivita;Sphingopyxis,2,False,False,True,True,,,down,down
D55_vs_D0,OG0001754,Sphingopyxis,1,False,False,False,True,,,,up
D55_vs_D0,OG0001756,Aequorivita,1,False,False,True,False,,,down,
D55_vs_D0,OG0001757,Aequorivita,1,False,False,True,False,,,down,
D55_vs_D0,OG0001758,Aequorivita;Sphingopyxis,2,False,False,True,True,,,down,down
D55_vs_D0,OG0001759,Aequorivita,1,False,False,True,False,,,down,
D55_vs_D0,OG0001760,Aequorivita,1,False,False,True,False,,,down,
D55_vs_D0,OG0001763,Sphingopyxis,1,False,False,False,True,,,,down
D55_vs_D0,OG0001767,Sphingopyxis,1,False,False,False,True,,,,up
D55_vs_D0,OG0001770,Halomonas,1,True,False,False,False,down,,,
D55_vs_D0,OG0001778,Psychrobacter,1,False,True,False,False,,up,,
D55_vs_D0,OG0001779,Sphingopyxis,1,False,False,False,True,,,,down
D55_vs_D0,OG0001780,Sphingopyxis,1,False,False,False,True,,,,up
D55_vs_D0,OG0001781,Halomonas,1,True,False,False,False,down,,,
D55_vs_D0,OG0001782,Psychrobacter,1,False,True,False,False,,up,,
D55_vs_D0,OG0001783,Halomonas,1,True,False,False,False,up,,,
D55_vs_D0,OG0001784,Halomonas,1,True,False,False,False,up,,,
D55_vs_D0,OG0001786,Sphingopyxis,1,False,False,False,True,,,,up
D55_vs_D0,OG0001787,Halomonas,1,True,False,False,False,down,,,
D55_vs_D0,OG0001788,Psychrobacter,1,False,True,False,False,,down,,
D55_vs_D0,OG0001790,Halomonas,1,True,False,False,False,down,,,
D55_vs_D0,OG0001791,Halomonas,1,True,False,False,False,down,,,
D55_vs_D0,OG0001792,Halomonas,1,True,False,False,False,down,,,
D55_vs_D0,OG0001793,Halomonas,1,True,False,False,False,down,,,
D55_vs_D0,OG0001795,Halomonas,1,True,False,False,False,down,,,
D55_vs_D0,OG0001796,Halomonas,1,True,False,False,False,down,,,
D55_vs_D0,OG0001799,Psychrobacter,1,False,True,False,False,,up,,
D55_vs_D0,OG0001801,Halomonas,1,True,False,False,False,down,,,
D55_vs_D0,OG0001802,Sphingopyxis,1,False,False,False,True,,,,down
D55_vs_D0,OG0001803,Psychrobacter,1,False,True,False,False,,up,,
D55_vs_D0,OG0001804,Halomonas,1,True,False,False,False,up,,,
D55_vs_D0,OG0001808,Halomonas,1,True,False,False,False,down,,,
D55_vs_D0,OG0001811,Halomonas,1,True,False,False,False,down,,,
D55_vs_D0,OG0001821,Sphingopyxis,1,False,False,False,True,,,,down
D55_vs_D0,OG0001822,Halomonas;Sphingopyxis,2,True,False,False,True,down,,,down
D55_vs_D0,OG0001826,Halomonas,1,True,False,False,False,down,,,
D55_vs_D0,OG0001827,Halomonas,1,True,False,False,False,down,,,
D55_vs_D0,OG0001828,Halomonas;Psychrobacter,2,True,True,False,False,down,up,,
D55_vs_D0,OG0001833,Psychrobacter,1,False,True,False,False,,down,,
D55_vs_D0,OG0001835,Halomonas,1,True,False,False,False,down,,,
D55_vs_D0,OG0001836,Sphingopyxis,1,False,False,False,True,,,,up
D55_vs_D0,OG0001841,Halomonas,1,True,False,False,False,down,,,
D55_vs_D0,OG0001843,Halomonas,1,True,False,False,False,up,,,
D55_vs_D0,OG0001844,Sphingopyxis,1,False,False,False,True,,,,up
D55_vs_D0,OG0001847,Halomonas,1,True,False,False,False,down,,,
D55_vs_D0,OG0001849,Psychrobacter,1,False,True,False,False,,down,,
D55_vs_D0,OG0001851,Sphingopyxis,1,False,False,False,True,,,,down
D55_vs_D0,OG0001852,Sphingopyxis,1,False,False,False,True,,,,up
D55_vs_D0,OG0001854,Halomonas,1,True,False,False,False,up,,,
D55_vs_D0,OG0001857,Halomonas,1,True,False,False,False,down,,,
D55_vs_D0,OG0001860,Psychrobacter,1,False,True,False,False,,up,,
D55_vs_D0,OG0001861,Halomonas;Sphingopyxis,2,True,False,False,True,up,,,down
D55_vs_D0,OG0001862,Halomonas,1,True,False,False,False,up,,,
D55_vs_D0,OG0001872,Halomonas;Psychrobacter,2,True,True,False,False,up,up,,
D55_vs_D0,OG0001873,Sphingopyxis,1,False,False,False,True,,,,up
D55_vs_D0,OG0001876,Halomonas;Sphingopyxis,2,True,False,False,True,up,,,down
D55_vs_D0,OG0001877,Sphingopyxis,1,False,False,False,True,,,,up
D55_vs_D0,OG0001878,Halomonas,1,True,False,False,False,up,,,
D55_vs_D0,OG0001883,Halomonas;Sphingopyxis,2,True,False,False,True,up,,,down
D55_vs_D0,OG0001885,Halomonas;Sphingopyxis,2,True,False,False,True,down,,,down
D55_vs_D0,OG0001886,Psychrobacter,1,False,True,False,False,,down,,
D55_vs_D0,OG0001887,Halomonas,1,True,False,False,False,up,,,
D55_vs_D0,OG0001889,Psychrobacter,1,False,True,False,False,,up,,
D55_vs_D0,OG0001890,Halomonas,1,True,False,False,False,up,,,
D55_vs_D0,OG0001891,Halomonas,1,True,False,False,False,up,,,
D55_vs_D0,OG0001892,Psychrobacter,1,False,True,False,False,,up,,
D55_vs_D0,OG0001893,Halomonas,1,True,False,False,False,up,,,
D55_vs_D0,OG0001894,Halomonas,1,True,False,False,False,down,,,
D55_vs_D0,OG0001899,Sphingopyxis,1,False,False,False,True,,,,down
D55_vs_D0,OG0001901,Psychrobacter,1,False,True,False,False,,up,,
D55_vs_D0,OG0001902,Psychrobacter,1,False,True,False,False,,up,,
D55_vs_D0,OG0001905,Halomonas;Sphingopyxis,2,True,False,False,True,up,,,down
D55_vs_D0,OG0001906,Halomonas;Sphingopyxis,2,True,False,False,True,up,,,down
D55_vs_D0,OG0001909,Psychrobacter,1,False,True,False,False,,up,,
D55_vs_D0,OG0001913,Halomonas,1,True,False,False,False,down,,,
D55_vs_D0,OG0001915,Sphingopyxis,1,False,False,False,True,,,,up
D55_vs_D0,OG0001916,Psychrobacter,1,False,True,False,False,,down,,
D55_vs_D0,OG0001923,Sphingopyxis,1,False,False,False,True,,,,up
D55_vs_D0,OG0001925,Sphingopyxis,1,False,False,False,True,,,,up
D55_vs_D0,OG0001926,Psychrobacter,1,False,True,False,False,,up,,
D55_vs_D0,OG0001927,Sphingopyxis,1,False,False,False,True,,,,down
D55_vs_D0,OG0001928,Halomonas,1,True,False,False,False,up,,,
D55_vs_D0,OG0001929,Halomonas;Sphingopyxis,2,True,False,False,True,down,,,up
D55_vs_D0,OG0001932,Halomonas;Psychrobacter,2,True,True,False,False,down,down,,
D55_vs_D0,OG0001933,Halomonas,1,True,False,False,False,up,,,
D55_vs_D0,OG0001935,Halomonas,1,True,False,False,False,up,,,
D55_vs_D0,OG0001936,Sphingopyxis,1,False,False,False,True,,,,down
D55_vs_D0,OG0001938,Psychrobacter,1,False,True,False,False,,down,,
D55_vs_D0,OG0001939,Sphingopyxis,1,False,False,False,True,,,,down
D55_vs_D0,OG0001941,Halomonas;Psychrobacter,2,True,True,False,False,up,down,,
D55_vs_D0,OG0001942,Sphingopyxis,1,False,False,False,True,,,,down
D55_vs_D0,OG0001944,Psychrobacter,1,False,True,False,False,,up,,
D55_vs_D0,OG0001946,Sphingopyxis,1,False,False,False,True,,,,down
D55_vs_D0,OG0001948,Halomonas,1,True,False,False,False,down,,,
D55_vs_D0,OG0001949,Sphingopyxis,1,False,False,False,True,,,,down
D55_vs_D0,OG0001950,Sphingopyxis,1,False,False,False,True,,,,down
D55_vs_D0,OG0001953,Halomonas,1,True,False,False,False,up,,,
D55_vs_D0,OG0001957,Halomonas,1,True,False,False,False,down,,,
D55_vs_D0,OG0001959,Halomonas,1,True,False,False,False,down,,,
D55_vs_D0,OG0001966,Sphingopyxis,1,False,False,False,True,,,,down
D55_vs_D0,OG0001971,Halomonas,1,True,False,False,False,up,,,
D55_vs_D0,OG0001972,Halomonas,1,True,False,False,False,up,,,
D55_vs_D0,OG0001973,Halomonas;Psychrobacter,2,True,True,False,False,up,up,,
D55_vs_D0,OG0001974,Sphingopyxis,1,False,False,False,True,,,,down
D55_vs_D0,OG0001975,Psychrobacter,1,False,True,False,False,,up,,
D55_vs_D0,OG0001976,Psychrobacter,1,False,True,False,False,,up,,
D55_vs_D0,OG0001978,Halomonas,1,True,False,False,False,up,,,
D55_vs_D0,OG0001980,Halomonas,1,True,False,False,False,up,,,
D55_vs_D0,OG0001982,Halomonas;Psychrobacter,2,True,True,False,False,down,up,,
D55_vs_D0,OG0001983,Halomonas;Psychrobacter,2,True,True,False,False,down,up,,
D55_vs_D0,OG0001984,Psychrobacter,1,False,True,False,False,,up,,
D55_vs_D0,OG0001985,Halomonas;Sphingopyxis,2,True,False,False,True,down,,,down
D55_vs_D0,OG0001987,Sphingopyxis,1,False,False,False,True,,,,down
D55_vs_D0,OG0001988,Sphingopyxis,1,False,False,False,True,,,,down
D55_vs_D0,OG0001989,Halomonas,1,True,False,False,False,down,,,
D55_vs_D0,OG0001990,Sphingopyxis,1,False,False,False,True,,,,down
D55_vs_D0,OG0001991,Halomonas;Sphingopyxis,2,True,False,False,True,down,,,down
D55_vs_D0,OG0001992,Halomonas;Sphingopyxis,2,True,False,False,True,down,,,down
D55_vs_D0,OG0001993,Sphingopyxis,1,False,False,False,True,,,,up
D55_vs_D0,OG0001994,Halomonas;Sphingopyxis,2,True,False,False,True,down,,,up
D55_vs_D0,OG0001995,Halomonas,1,True,False,False,False,down,,,
D55_vs_D0,OG0001996,Halomonas;Sphingopyxis,2,True,False,False,True,down,,,up
D55_vs_D0,OG0001997,Halomonas,1,True,False,False,False,down,,,
D55_vs_D0,OG0001998,Sphingopyxis,1,False,False,False,True,,,,down
D55_vs_D0,OG0001999,Sphingopyxis,1,False,False,False,True,,,,down
D55_vs_D0,OG0002000,Sphingopyxis,1,False,False,False,True,,,,down
D55_vs_D0,OG0002002,Halomonas;Sphingopyxis,2,True,False,False,True,down,,,down
D55_vs_D0,OG0002003,Halomonas,1,True,False,False,False,down,,,
D55_vs_D0,OG0002004,Halomonas;Sphingopyxis,2,True,False,False,True,down,,,down
D55_vs_D0,OG0002005,Halomonas,1,True,False,False,False,down,,,
D55_vs_D0,OG0002006,Halomonas;Sphingopyxis,2,True,False,False,True,down,,,down
D55_vs_D0,OG0002007,Halomonas;Sphingopyxis,2,True,False,False,True,down,,,down
D55_vs_D0,OG0002008,Halomonas;Sphingopyxis,2,True,False,False,True,down,,,down
D55_vs_D0,OG0002009,Halomonas;Sphingopyxis,2,True,False,False,True,down,,,up
D55_vs_D0,OG0002010,Halomonas;Psychrobacter,2,True,True,False,False,down,down,,
D55_vs_D0,OG0002012,Halomonas,1,True,False,False,False,down,,,
D55_vs_D0,OG0002016,Halomonas,1,True,False,False,False,down,,,
D55_vs_D0,OG0002018,Halomonas,1,True,False,False,False,down,,,
D55_vs_D0,OG0002024,Halomonas,1,True,False,False,False,up,,,
D55_vs_D0,OG0002025,Halomonas,1,True,False,False,False,down,,,
D55_vs_D0,OG0002026,Sphingopyxis,1,False,False,False,True,,,,down
D55_vs_D0,OG0002030,Psychrobacter,1,False,True,False,False,,down,,
D55_vs_D0,OG0002031,Halomonas;Psychrobacter,2,True,True,False,False,up,down,,
D55_vs_D0,OG0002033,Halomonas,1,True,False,False,False,up,,,
D55_vs_D0,OG0002034,Halomonas;Sphingopyxis,2,True,False,False,True,up,,,down
D55_vs_D0,OG0002036,Psychrobacter,1,False,True,False,False,,down,,
D55_vs_D0,OG0002037,Halomonas,1,True,False,False,False,up,,,
D55_vs_D0,OG0002038,Halomonas,1,True,False,False,False,up,,,
D55_vs_D0,OG0002039,Halomonas;Sphingopyxis,2,True,False,False,True,up,,,up
D55_vs_D0,OG0002041,Halomonas,1,True,False,False,False,down,,,
D55_vs_D0,OG0002042,Halomonas,1,True,False,False,False,down,,,
D55_vs_D0,OG0002043,Sphingopyxis,1,False,False,False,True,,,,down
D55_vs_D0,OG0002047,Halomonas,1,True,False,False,False,up,,,
D55_vs_D0,OG0002048,Halomonas,1,True,False,False,False,up,,,
D55_vs_D0,OG0002054,Sphingopyxis,1,False,False,False,True,,,,down
D55_vs_D0,OG0002055,Halomonas;Sphingopyxis,2,True,False,False,True,up,,,down
D55_vs_D0,OG0002057,Sphingopyxis,1,False,False,False,True,,,,up
D55_vs_D0,OG0002058,Halomonas;Sphingopyxis,2,True,False,False,True,down,,,down
D55_vs_D0,OG0002060,Halomonas,1,True,False,False,False,down,,,
D55_vs_D0,OG0002061,Sphingopyxis,1,False,False,False,True,,,,down
D55_vs_D0,OG0002062,Halomonas;Psychrobacter,2,True,True,False,False,up,up,,
D55_vs_D0,OG0002067,Sphingopyxis,1,False,False,False,True,,,,down
D55_vs_D0,OG0002070,Halomonas,1,True,False,False,False,down,,,
D55_vs_D0,OG0002073,Halomonas,1,True,False,False,False,up,,,
D55_vs_D0,OG0002075,Halomonas;Sphingopyxis,2,True,False,False,True,up,,,up
D55_vs_D0,OG0002081,Halomonas,1,True,False,False,False,down,,,
D55_vs_D0,OG0002083,Halomonas;Psychrobacter,2,True,True,False,False,down,up,,
D55_vs_D0,OG0002086,Halomonas,1,True,False,False,False,down,,,
D55_vs_D0,OG0002089,Halomonas;Sphingopyxis,2,True,False,False,True,up,,,down
D55_vs_D0,OG0002093,Halomonas,1,True,False,False,False,down,,,
D55_vs_D0,OG0002095,Psychrobacter,1,False,True,False,False,,up,,
D55_vs_D0,OG0002096,Sphingopyxis,1,False,False,False,True,,,,up
D55_vs_D0,OG0002099,Halomonas,1,True,False,False,False,down,,,
D55_vs_D0,OG0002100,Halomonas,1,True,False,False,False,up,,,
D55_vs_D0,OG0002102,Halomonas;Sphingopyxis,2,True,False,False,True,up,,,down
D55_vs_D0,OG0002107,Halomonas,1,True,False,False,False,down,,,
D55_vs_D0,OG0002108,Halomonas;Sphingopyxis,2,True,False,False,True,down,,,down
D55_vs_D0,OG0002109,Halomonas,1,True,False,False,False,down,,,
D55_vs_D0,OG0002112,Halomonas,1,True,False,False,False,up,,,
D55_vs_D0,OG0002117,Halomonas;Sphingopyxis,2,True,False,False,True,down,,,down
D55_vs_D0,OG0002118,Sphingopyxis,1,False,False,False,True,,,,down
D55_vs_D0,OG0002119,Halomonas,1,True,False,False,False,down,,,
D55_vs_D0,OG0002120,Halomonas,1,True,False,False,False,down,,,
D55_vs_D0,OG0002125,Halomonas,1,True,False,False,False,up,,,
D55_vs_D0,OG0002126,Halomonas,1,True,False,False,False,up,,,
D55_vs_D0,OG0002131,Psychrobacter,1,False,True,False,False,,up,,
D55_vs_D0,OG0002132,Halomonas,1,True,False,False,False,down,,,
D55_vs_D0,OG0002133,Halomonas,1,True,False,False,False,up,,,
D55_vs_D0,OG0002134,Halomonas,1,True,False,False,False,up,,,
D55_vs_D0,OG0002136,Halomonas,1,True,False,False,False,down,,,
D55_vs_D0,OG0002137,Halomonas,1,True,False,False,False,down,,,
D55_vs_D0,OG0002138,Halomonas,1,True,False,False,False,down,,,
D55_vs_D0,OG0002139,Halomonas,1,True,False,False,False,down,,,
D55_vs_D0,OG0002141,Halomonas,1,True,False,False,False,up,,,
D55_vs_D0,OG0002145,Halomonas,1,True,False,False,False,down,,,
D55_vs_D0,OG0002146,Halomonas,1,True,False,False,False,down,,,
D55_vs_D0,OG0002148,Sphingopyxis,1,False,False,False,True,,,,up
D55_vs_D0,OG0002150,Psychrobacter,1,False,True,False,False,,up,,
D55_vs_D0,OG0002152,Sphingopyxis,1,False,False,False,True,,,,down
D55_vs_D0,OG0002153,Psychrobacter,1,False,True,False,False,,down,,
D55_vs_D0,OG0002155,Halomonas,1,True,False,False,False,down,,,
D55_vs_D0,OG0002157,Sphingopyxis,1,False,False,False,True,,,,up
D55_vs_D0,OG0002160,Psychrobacter,1,False,True,False,False,,up,,
D55_vs_D0,OG0002162,Sphingopyxis,1,False,False,False,True,,,,down
D55_vs_D0,OG0002164,Sphingopyxis,1,False,False,False,True,,,,down
D55_vs_D0,OG0002168,Psychrobacter,1,False,True,False,False,,up,,
D55_vs_D0,OG0002169,Sphingopyxis,1,False,False,False,True,,,,down
D55_vs_D0,OG0002170,Psychrobacter,1,False,True,False,False,,up,,
D55_vs_D0,OG0002171,Sphingopyxis,1,False,False,False,True,,,,down
D55_vs_D0,OG0002174,Sphingopyxis,1,False,False,False,True,,,,up
D55_vs_D0,OG0002175,Psychrobacter;Sphingopyxis,2,False,True,False,True,,up,,down
D55_vs_D0,OG0002177,Psychrobacter,1,False,True,False,False,,up,,
D55_vs_D0,OG0002178,Sphingopyxis,1,False,False,False,True,,,,down
D55_vs_D0,OG0002179,Sphingopyxis,1,False,False,False,True,,,,up
D55_vs_D0,OG0002180,Sphingopyxis,1,False,False,False,True,,,,down
D55_vs_D0,OG0002181,Psychrobacter,1,False,True,False,False,,up,,
D55_vs_D0,OG0002182,Psychrobacter,1,False,True,False,False,,down,,
D55_vs_D0,OG0002183,Psychrobacter,1,False,True,False,False,,down,,
D55_vs_D0,OG0002184,Psychrobacter,1,False,True,False,False,,down,,
D55_vs_D0,OG0002185,Sphingopyxis,1,False,False,False,True,,,,up
D55_vs_D0,OG0002188,Sphingopyxis,1,False,False,False,True,,,,down
D55_vs_D0,OG0002191,Sphingopyxis,1,False,False,False,True,,,,down
D55_vs_D0,OG0002192,Psychrobacter;Sphingopyxis,2,False,True,False,True,,up,,down
D55_vs_D0,OG0002193,Psychrobacter;Sphingopyxis,2,False,True,False,True,,up,,down
D55_vs_D0,OG0002194,Psychrobacter;Sphingopyxis,2,False,True,False,True,,up,,down
D55_vs_D0,OG0002195,Psychrobacter;Sphingopyxis,2,False,True,False,True,,up,,down
D55_vs_D0,OG0002196,Psychrobacter;Sphingopyxis,2,False,True,False,True,,up,,down
D55_vs_D0,OG0002197,Psychrobacter;Sphingopyxis,2,False,True,False,True,,up,,down
D55_vs_D0,OG0002199,Psychrobacter,1,False,True,False,False,,down,,
D55_vs_D0,OG0002206,Sphingopyxis,1,False,False,False,True,,,,down
D55_vs_D0,OG0002207,Psychrobacter,1,False,True,False,False,,up,,
D55_vs_D0,OG0002212,Sphingopyxis,1,False,False,False,True,,,,down
D55_vs_D0,OG0002213,Psychrobacter,1,False,True,False,False,,up,,
D55_vs_D0,OG0002215,Sphingopyxis,1,False,False,False,True,,,,up
D55_vs_D0,OG0002217,Sphingopyxis,1,False,False,False,True,,,,up
D55_vs_D0,OG0002218,Sphingopyxis,1,False,False,False,True,,,,up
D55_vs_D0,OG0002221,Sphingopyxis,1,False,False,False,True,,,,down
D55_vs_D0,OG0002222,Sphingopyxis,1,False,False,False,True,,,,down
D55_vs_D0,OG0002227,Sphingopyxis,1,False,False,False,True,,,,down
D55_vs_D0,OG0002228,Psychrobacter,1,False,True,False,False,,down,,
D55_vs_D0,OG0002230,Psychrobacter,1,False,True,False,False,,down,,
D55_vs_D0,OG0002231,Psychrobacter,1,False,True,False,False,,up,,
D55_vs_D0,OG0002232,Sphingopyxis,1,False,False,False,True,,,,down
D55_vs_D0,OG0002234,Sphingopyxis,1,False,False,False,True,,,,down
D55_vs_D0,OG0002237,Sphingopyxis,1,False,False,False,True,,,,down
D55_vs_D0,OG0002239,Psychrobacter,1,False,True,False,False,,down,,
D55_vs_D0,OG0002241,Psychrobacter,1,False,True,False,False,,down,,
D55_vs_D0,OG0002243,Sphingopyxis,1,False,False,False,True,,,,up
D55_vs_D0,OG0002245,Psychrobacter;Sphingopyxis,2,False,True,False,True,,down,,down
D55_vs_D0,OG0002248,Sphingopyxis,1,False,False,False,True,,,,down
D55_vs_D0,OG0002251,Sphingopyxis,1,False,False,False,True,,,,up
D55_vs_D0,OG0002256,Psychrobacter;Sphingopyxis,2,False,True,False,True,,down,,down
D55_vs_D0,OG0002258,Sphingopyxis,1,False,False,False,True,,,,up
D55_vs_D0,OG0002260,Sphingopyxis,1,False,False,False,True,,,,down
D55_vs_D0,OG0002261,Sphingopyxis,1,False,False,False,True,,,,down
D55_vs_D0,OG0002264,Sphingopyxis,1,False,False,False,True,,,,down
D55_vs_D0,OG0002265,Sphingopyxis,1,False,False,False,True,,,,down
D55_vs_D0,OG0002268,Sphingopyxis,1,False,False,False,True,,,,up
D55_vs_D0,OG0002269,Sphingopyxis,1,False,False,False,True,,,,down
D55_vs_D0,OG0002270,Sphingopyxis,1,False,False,False,True,,,,down
D55_vs_D0,OG0002275,Sphingopyxis,1,False,False,False,True,,,,down
D55_vs_D0,OG0002276,Sphingopyxis,1,False,False,False,True,,,,up
D55_vs_D0,OG0002277,Sphingopyxis,1,False,False,False,True,,,,down
D55_vs_D0,OG0002279,Sphingopyxis,1,False,False,False,True,,,,up
D55_vs_D0,OG0002281,Sphingopyxis,1,False,False,False,True,,,,down
D55_vs_D0,OG0002283,Sphingopyxis,1,False,False,False,True,,,,up
D55_vs_D0,OG0002286,Sphingopyxis,1,False,False,False,True,,,,up
D55_vs_D0,OG0002288,Sphingopyxis,1,False,False,False,True,,,,down
D55_vs_D0,OG0002289,Sphingopyxis,1,False,False,False,True,,,,down
D55_vs_D0,OG0002291,Sphingopyxis,1,False,False,False,True,,,,down
D55_vs_D0,OG0002292,Sphingopyxis,1,False,False,False,True,,,,up
D55_vs_D0,OG0002293,Sphingopyxis,1,False,False,False,True,,,,up
D55_vs_D0,OG0002295,Sphingopyxis,1,False,False,False,True,,,,up
D55_vs_D0,OG0002298,Sphingopyxis,1,False,False,False,True,,,,up
D55_vs_D0,OG0002302,Sphingopyxis,1,False,False,False,True,,,,down
D55_vs_D0,OG0002304,Sphingopyxis,1,False,False,False,True,,,,down
D55_vs_D0,OG0002307,Sphingopyxis,1,False,False,False,True,,,,down
D55_vs_D0,OG0002309,Sphingopyxis,1,False,False,False,True,,,,down
D55_vs_D0,OG0002310,Sphingopyxis,1,False,False,False,True,,,,up
D55_vs_D0,OG0002312,Sphingopyxis,1,False,False,False,True,,,,down
D55_vs_D0,OG0002315,Sphingopyxis,1,False,False,False,True,,,,down
D55_vs_D0,OG0002316,Sphingopyxis,1,False,False,False,True,,,,down
D55_vs_D0,OG0002326,Sphingopyxis,1,False,False,False,True,,,,up
D55_vs_D0,OG0002328,Sphingopyxis,1,False,False,False,True,,,,up
D55_vs_D0,OG0002329,Sphingopyxis,1,False,False,False,True,,,,down
D55_vs_D0,OG0002330,Sphingopyxis,1,False,False,False,True,,,,up
D55_vs_D0,OG0002335,Sphingopyxis,1,False,False,False,True,,,,up
D55_vs_D0,OG0002337,Sphingopyxis,1,False,False,False,True,,,,up
D55_vs_D0,OG0002338,Sphingopyxis,1,False,False,False,True,,,,down
D55_vs_D0,OG0002341,Sphingopyxis,1,False,False,False,True,,,,down
D55_vs_D0,OG0002344,Sphingopyxis,1,False,False,False,True,,,,down
D55_vs_D0,OG0002347,Sphingopyxis,1,False,False,False,True,,,,down
D55_vs_D0,OG0002348,Sphingopyxis,1,False,False,False,True,,,,down
D55_vs_D0,OG0002349,Sphingopyxis,1,False,False,False,True,,,,down
D55_vs_D0,OG0002350,Sphingopyxis,1,False,False,False,True,,,,up
D55_vs_D0,OG0002353,Sphingopyxis,1,False,False,False,True,,,,down
D55_vs_D0,OG0002355,Sphingopyxis,1,False,False,False,True,,,,down
D55_vs_D0,OG0002362,Sphingopyxis,1,False,False,False,True,,,,down
D55_vs_D0,OG0002363,Sphingopyxis,1,False,False,False,True,,,,up
D55_vs_D0,OG0002373,Sphingopyxis,1,False,False,False,True,,,,up
